Position [um],,,,,,,,,,,,,,,,,,,,,,,,,,,,,,,,,,,,,,,,,,,,,,,,,,,,,,,,,,,,,,,,,,,,,,,,,,,,,,,,,,,,,,,,,,,,,,,,
 ==================== ,,,,,,,,,,,,,,,,,,,,,,,,,,,,,,,,,,,,,,,,,,,,,,,,,,,,,,,,,,,,,,,,,,,,,,,,,,,,,,,,,,,,,,,,,,,,,,,,
Time [ms],1E+13,10000000006,1E+13,1E+13,10000000026,1E+13,1E+13,10000000036,1E+13,1E+13,10000000046,1E+13,1E+13,10000000056,1E+13,1E+13,10000000076,1E+13,1E+13,10000000086,1E+13,1E+13,10000000096,1E+13,1E+13,10000000106,1E+13,1E+13,10000000116,1E+13,1E+13,10000000126,1E+13,1E+13,10000000136,1E+13,1E+13,10000000146,1E+13,1E+13,10000000156,1E+13,1E+13,10000000166,1E+13,1E+13,10000000176,1E+13,1E+13,10000000186,1E+13,1E+13,10000000196,1E+13,1E+13,10000000206,1E+13,1E+13,10000000216,1E+13,1E+13,10000000226,1E+13,1E+13,10000000236,1E+13,1E+13,10000000246,1E+13,1E+13,10000000266,1E+13,1E+13,10000000276,1E+13,1E+13,10000000286,1E+13,1E+13,10000000296,1E+13,1E+13,10000000306,1E+13,1E+13,10000000316,1E+13,1E+13,10000000326,1E+13,1E+13,10000000336,1E+13,1E+13,10000000346,1E+13
0,2834.348,5.947,7146.469,2841.256,4.462,7148.104,2838.109,5.687,7148.167,2834.131,4.236,7150.063,2839.37,5.042,7150.423,2835.59,7.149,7151.331,2842.983,3.546,7151.498,2841.553,3.847,7151.657,2836.267,3.787,7152.505,2838.918,5.432,7152.904,2843.317,4.239,7153.157,2831.553,4.383,7153.208,2840.836,5.56,7154.536,2831.631,4.189,7154.699,2834.846,7.01,7154.685,2833.346,5.956,7155.909,2839.203,4.195,7156.042,2837.501,5.984,7156.475,2834.857,5.9,7156.68,2836.828,7.505,7157.185,2839.537,4.238,7157.43,2837.323,5.509,7157.611,2839.208,6.118,7157.897,2843.464,4.88,7158.4,2831.523,3.675,7160.052,2841.387,5.835,7161.611,2837.849,3.427,7162.833,2836.637,5.544,7163.29,2839.876,6.431,7163.468,2841.678,4.129,7164.135,2834.451,4.2,7156.609,2838.759,7.009,7162.338
30,2834.385,6.548,7146.53,2841.245,5.364,7148.18,2838.138,6.523,7148.229,2834.181,5.177,7150.151,2839.371,5.984,7150.468,2835.576,8.046,7151.413,2842.955,4.5,7151.595,2841.518,4.689,7151.722,2836.272,4.693,7152.544,2838.895,6.091,7152.875,2843.302,5.111,7153.239,2831.629,5.203,7153.325,2840.785,6.493,7154.632,2831.65,5.09,7154.796,2834.833,7.963,7154.772,2833.37,6.675,7155.86,2839.207,5.136,7156.096,2837.531,6.922,7156.501,2834.878,6.684,7156.706,2836.785,8.455,7157.249,2839.526,5.095,7157.51,2837.357,6.403,7157.658,2839.253,7.029,7157.956,2843.473,5.616,7158.37,2831.571,4.586,7160.09,2841.364,6.654,7161.605,2837.885,4.345,7162.868,2836.684,6.366,7163.402,2839.87,7.328,7163.426,2841.644,5.07,7164.166,2834.475,5.04,7156.616,2838.576,6.517,7162.664
60,2834.349,6.511,7146.554,2841.258,5.337,7148.246,2838.088,6.489,7148.314,2834.149,5.124,7150.24,2839.414,5.98,7150.56,2835.594,7.986,7151.493,2842.962,4.425,7151.667,2841.515,4.656,7151.846,2836.311,4.648,7152.612,2838.948,6.058,7153.044,2843.296,5.029,7153.292,2831.669,5.14,7153.387,2840.827,6.431,7154.691,2831.69,5.041,7154.883,2834.83,7.752,7154.89,2833.382,6.574,7155.943,2839.269,5.106,7156.154,2837.534,6.825,7156.611,2834.887,6.569,7156.723,2836.796,8.352,7157.34,2839.531,5.051,7157.519,2837.393,6.276,7157.752,2839.241,6.999,7158.012,2843.493,5.547,7158.444,2831.631,4.601,7160.173,2841.348,6.529,7161.63,2837.911,4.197,7162.947,2836.687,6.319,7163.468,2839.785,7.063,7163.529,2841.654,5.024,7164.302,2834.487,5.008,7156.698,2838.62,6.689,7162.662
90,2834.358,6.508,7146.642,2841.274,5.296,7148.258,2838.049,6.53,7148.357,2834.135,5.119,7150.262,2839.371,6.002,7150.59,2835.604,8.006,7151.517,2842.984,4.419,7151.658,2841.539,4.626,7151.833,2836.268,4.659,7152.643,2838.871,6.085,7153.006,2843.302,4.989,7153.348,2831.609,5.132,7153.49,2840.822,6.454,7154.67,2831.71,5.013,7154.889,2834.814,7.894,7154.962,2833.396,6.563,7155.963,2839.254,5.088,7156.186,2837.518,6.8,7156.608,2834.895,6.667,7156.74,2836.837,8.362,7157.362,2839.531,5.104,7157.518,2837.394,6.326,7157.792,2839.25,6.999,7158.008,2843.494,5.564,7158.432,2831.601,4.578,7160.235,2841.413,6.543,7161.704,2837.925,4.185,7162.908,2836.708,6.435,7163.508,2839.769,7.038,7163.577,2841.766,5.016,7164.25,2834.491,5.034,7156.731,2838.372,6.525,7162.553
120,2834.366,6.506,7146.57,2841.292,5.198,7148.054,2838.048,6.47,7148.205,2834.181,5.035,7150.171,2839.379,5.912,7150.425,2835.599,7.956,7151.422,2842.94,4.373,7151.556,2841.563,4.579,7151.758,2836.258,4.593,7152.515,2838.884,6.047,7152.923,2843.319,4.978,7153.216,2831.605,5.077,7153.393,2840.824,6.297,7154.549,2831.739,4.973,7154.886,2834.852,7.709,7154.727,2833.38,6.578,7155.911,2839.268,5.039,7156.018,2837.525,6.657,7156.438,2834.885,6.603,7156.654,2836.804,8.376,7157.231,2839.574,5.032,7157.418,2837.402,6.169,7157.641,2839.334,6.988,7157.897,2843.478,5.587,7158.34,2831.601,4.475,7160.102,2841.395,6.524,7161.584,2837.966,4.146,7162.784,2836.71,6.298,7163.4,2839.782,6.997,7163.467,2841.734,5.026,7164.141,2834.419,4.98,7156.659,2838.507,6.626,7162.629
150,2834.372,6.549,7146.509,2841.331,5.19,7148.098,2838.046,6.551,7148.269,2834.201,5.005,7150.175,2839.404,5.939,7150.484,2835.596,8.009,7151.459,2842.966,4.289,7151.582,2841.6,4.514,7151.746,2836.277,4.531,7152.545,2838.878,6.113,7152.975,2843.298,4.977,7153.271,2831.652,5.094,7153.433,2840.862,6.34,7154.623,2831.747,4.934,7154.877,2834.834,7.705,7154.781,2833.387,6.682,7155.899,2839.24,5.023,7156.062,2837.505,6.699,7156.452,2834.875,6.623,7156.665,2836.809,8.434,7157.289,2839.592,4.998,7157.463,2837.398,6.162,7157.684,2839.284,7.063,7157.917,2843.505,5.517,7158.335,2831.593,4.39,7160.127,2841.411,6.558,7161.621,2837.944,4.043,7162.84,2836.675,6.185,7163.394,2839.864,7.059,7163.499,2841.741,4.977,7164.149,2834.485,4.817,7156.577,2838.348,6.978,7162.602
180,2834.232,7.485,7146.478,2841.18,6.171,7147.978,2837.943,7.448,7148.16,2834.085,5.991,7150.167,2839.327,6.661,7150.413,2835.498,8.952,7151.415,2842.861,5.342,7151.494,2841.448,5.468,7151.679,2836.217,5.494,7152.471,2838.785,7.004,7152.892,2843.186,5.962,7153.103,2831.539,6.055,7153.342,2840.746,7.097,7154.511,2831.61,5.897,7154.847,2834.688,8.558,7154.715,2833.256,7.572,7155.849,2839.135,5.932,7156.001,2837.374,7.547,7156.395,2834.755,7.53,7156.638,2836.735,9.309,7157.23,2839.44,5.925,7157.363,2837.273,7.059,7157.555,2839.219,7.928,7157.847,2843.377,6.495,7158.244,2831.482,5.304,7160.051,2841.296,7.346,7161.593,2837.842,5.035,7162.768,2836.661,7.087,7163.277,2839.827,7.821,7163.406,2841.653,5.867,7164.077,2834.303,5.952,7156.61,2838.457,6.954,7162.756
210,2834.331,7.409,7146.489,2841.261,6.052,7147.988,2838.096,7.34,7148.145,2834.167,5.952,7150.121,2839.322,6.668,7150.432,2835.538,8.892,7151.407,2842.861,5.111,7151.425,2841.54,5.481,7151.672,2836.248,5.429,7152.464,2838.784,6.935,7152.857,2843.241,5.925,7153.105,2831.635,6.058,7153.37,2840.735,7.067,7154.435,2831.686,5.864,7154.853,2834.779,8.552,7154.684,2833.26,7.544,7155.838,2839.143,5.896,7155.994,2837.408,7.485,7156.396,2834.816,7.487,7156.626,2836.787,9.193,7157.146,2839.501,5.882,7157.422,2837.303,6.968,7157.625,2839.209,7.879,7157.896,2843.392,6.495,7158.242,2831.496,5.415,7160.001,2841.366,7.35,7161.495,2837.922,5.003,7162.715,2836.679,7.017,7163.31,2839.886,7.939,7163.351,2841.682,5.881,7164.1,2834.411,5.752,7156.538,2838.286,7.128,7162.612
240,2834.366,7.396,7146.527,2841.289,6.048,7148.004,2838.084,7.347,7148.165,2834.166,5.902,7150.153,2839.385,6.687,7150.423,2835.551,8.668,7151.33,2842.904,5.094,7151.485,2841.565,5.431,7151.748,2836.268,5.502,7152.49,2838.962,6.935,7152.954,2843.281,5.929,7153.197,2831.609,6.026,7153.41,2840.787,7.072,7154.495,2831.74,5.885,7154.799,2834.823,8.555,7154.762,2833.317,7.518,7155.816,2839.15,5.802,7156.025,2837.428,7.489,7156.416,2834.854,7.442,7156.643,2836.799,9.2,7157.191,2839.467,5.87,7157.435,2837.275,6.995,7157.645,2839.236,7.818,7157.868,2843.345,6.481,7158.268,2831.603,5.396,7160.02,2841.324,7.278,7161.522,2837.922,4.996,7162.718,2836.643,6.995,7163.355,2839.828,7.964,7163.441,2841.626,5.873,7164.079,2834.449,5.755,7156.577,2838.474,7.134,7162.586
270,2834.305,7.405,7146.596,2841.313,6.03,7148.014,2838.068,7.282,7148.214,2834.167,5.859,7150.2,2839.365,6.643,7150.442,2835.531,8.684,7151.419,2842.945,5.129,7151.542,2841.577,5.462,7151.746,2836.256,5.514,7152.503,2838.996,6.933,7153.07,2843.291,5.852,7153.196,2831.583,6.025,7153.458,2840.832,7.068,7154.559,2831.727,5.86,7154.857,2834.79,8.502,7154.814,2833.301,7.531,7155.907,2839.182,5.766,7156.057,2837.449,7.495,7156.497,2834.842,7.459,7156.731,2836.835,9.11,7157.195,2839.502,5.809,7157.461,2837.336,6.97,7157.718,2839.268,7.821,7157.984,2843.388,6.402,7158.346,2831.566,5.42,7160.079,2841.378,7.311,7161.538,2837.912,5.025,7162.74,2836.668,6.95,7163.341,2839.812,7.942,7163.445,2841.669,5.853,7164.108,2834.406,5.763,7156.602,2838.445,7.125,7162.667
300,2834.292,7.394,7146.583,2841.305,6.002,7148.011,2838.129,7.166,7148.135,2834.171,5.694,7150.118,2839.376,6.607,7150.527,2835.519,8.611,7151.41,2842.953,5.058,7151.489,2841.627,5.371,7151.753,2836.29,5.424,7152.517,2838.969,6.705,7152.981,2843.332,5.721,7153.153,2831.629,5.96,7153.342,2840.877,7.054,7154.531,2831.741,5.883,7154.899,2834.749,8.458,7154.842,2833.307,7.514,7155.862,2839.227,5.718,7156.013,2837.463,7.446,7156.512,2834.824,7.394,7156.737,2836.826,9.097,7157.204,2839.549,5.686,7157.338,2837.399,6.978,7157.687,2839.313,7.675,7157.938,2843.407,6.162,7158.277,2831.554,5.312,7160.07,2841.376,7.252,7161.559,2837.958,4.922,7162.739,2836.698,6.889,7163.354,2839.851,7.915,7163.418,2841.767,5.651,7163.98,2834.463,5.502,7156.479,2838.78,7.395,7162.488
330,2834.355,7.292,7146.499,2841.309,5.985,7148.026,2838.057,7.129,7148.129,2834.136,5.63,7150.11,2839.343,6.604,7150.496,2835.488,8.679,7151.39,2842.971,5.047,7151.516,2841.596,5.379,7151.729,2836.26,5.398,7152.499,2838.968,6.78,7153.012,2843.279,5.769,7153.166,2831.583,5.92,7153.305,2840.882,7.031,7154.485,2831.635,5.833,7154.893,2834.795,8.442,7154.836,2833.291,7.524,7155.906,2839.205,5.669,7155.975,2837.439,7.469,7156.443,2834.784,7.402,7156.677,2836.842,9.035,7157.203,2839.523,5.656,7157.339,2837.304,6.971,7157.646,2839.32,7.652,7157.903,2843.444,6.125,7158.293,2831.537,5.264,7160.06,2841.413,7.189,7161.543,2837.909,4.955,7162.76,2836.675,6.871,7163.323,2839.842,7.911,7163.382,2841.731,5.632,7164.043,2834.413,5.678,7156.576,2838.401,7.741,7162.426
360,2834.401,7.138,7146.463,2841.324,5.914,7148.024,2838.105,7.118,7148.123,2834.16,5.594,7150.058,2839.36,6.566,7150.572,2835.524,8.613,7151.354,2842.942,4.979,7151.501,2841.681,5.197,7151.604,2836.287,5.341,7152.508,2838.994,6.642,7152.973,2843.326,5.597,7153.119,2831.624,5.923,7153.247,2840.845,7.008,7154.474,2831.632,5.759,7154.9,2834.822,8.421,7154.845,2833.213,7.467,7155.873,2839.208,5.602,7155.97,2837.471,7.424,7156.376,2834.8,7.302,7156.654,2836.849,9.01,7157.194,2839.531,5.627,7157.351,2837.329,6.922,7157.663,2839.355,7.658,7157.878,2843.467,6.125,7158.27,2831.516,5.215,7159.954,2841.364,7.067,7161.567,2837.945,4.778,7162.736,2836.677,6.826,7163.353,2839.697,7.689,7163.34,2841.66,5.599,7164.016,2834.452,5.514,7156.499,2838.383,7.557,7162.575
390,2834.408,7.184,7146.472,2841.346,5.869,7148.078,2838.146,7.112,7148.122,2834.228,5.515,7150.078,2839.403,6.537,7150.518,2835.531,8.684,7151.399,2842.986,4.92,7151.556,2841.655,5.172,7151.682,2836.299,5.219,7152.446,2838.986,6.711,7153.063,2843.338,5.655,7153.149,2831.667,5.784,7153.32,2840.845,7.02,7154.517,2831.672,5.671,7154.823,2834.797,8.477,7154.784,2833.269,7.461,7155.877,2839.198,5.556,7156.014,2837.46,7.445,7156.414,2834.852,7.206,7156.641,2836.847,9.097,7157.173,2839.569,5.629,7157.365,2837.339,6.848,7157.666,2839.329,7.659,7157.889,2843.429,6.123,7158.285,2831.523,5.106,7159.979,2841.36,7.121,7161.531,2837.911,4.861,7162.71,2836.648,6.716,7163.292,2839.693,7.654,7163.365,2841.706,5.578,7164.023,2834.416,5.493,7156.53,2838.463,7.19,7163.018
420,2834.305,7.044,7146.527,2841.255,5.682,7148.027,2838.02,7.092,7148.128,2834.114,5.524,7150.141,2839.299,6.493,7150.531,2835.403,8.552,7151.457,2842.915,4.962,7151.541,2841.56,5.219,7151.691,2836.254,5.308,7152.572,2838.857,6.608,7153.071,2843.259,5.735,7153.199,2831.616,5.852,7153.368,2840.747,7.044,7154.527,2831.631,5.827,7154.895,2834.727,8.356,7154.827,2833.14,7.436,7155.933,2839.095,5.58,7156.083,2837.375,7.377,7156.438,2834.768,7.114,7156.704,2836.732,8.994,7157.244,2839.478,5.628,7157.401,2837.276,6.865,7157.679,2839.25,7.552,7157.931,2843.306,6.126,7158.324,2831.444,5.14,7159.987,2841.268,7.122,7161.591,2837.803,4.666,7162.716,2836.605,6.543,7163.386,2839.732,7.647,7163.427,2841.657,5.521,7164.042,2834.354,5.49,7156.579,2838.225,7.116,7162.958
450,2834.296,7.095,7146.529,2841.258,5.653,7148.086,2838.066,7.085,7148.211,2834.053,5.601,7150.152,2839.39,6.472,7150.614,2835.397,8.569,7151.478,2842.91,4.967,7151.635,2841.586,5.173,7151.709,2836.193,5.217,7152.554,2838.89,6.657,7153.162,2843.24,5.91,7153.305,2831.562,5.795,7153.401,2840.753,7.057,7154.656,2831.604,5.625,7154.879,2834.695,8.321,7154.897,2833.101,7.464,7155.964,2839.143,5.579,7156.105,2837.421,7.5,7156.484,2834.734,7.29,7156.788,2836.722,8.967,7157.299,2839.477,5.612,7157.449,2837.277,6.957,7157.727,2839.246,7.592,7158.002,2843.307,6.213,7158.397,2831.47,5.06,7160.065,2841.198,7.158,7161.659,2837.855,4.715,7162.785,2836.593,6.626,7163.43,2839.63,7.681,7163.494,2841.648,5.598,7164.155,2834.327,5.517,7156.599,2838.27,6.878,7162.886
480,2834.324,6.976,7146.55,2841.269,5.624,7148.169,2838.072,6.998,7148.242,2834.081,5.504,7150.182,2839.381,6.41,7150.69,2835.378,8.504,7151.499,2842.947,4.828,7151.668,2841.65,5.083,7151.882,2836.249,5.132,7152.539,2838.947,6.56,7153.212,2843.351,5.639,7153.309,2831.571,5.587,7153.342,2840.788,6.9,7154.704,2831.568,5.557,7154.875,2834.705,8.082,7154.907,2833.166,7.062,7155.935,2839.164,5.529,7156.128,2837.51,7.327,7156.609,2834.751,7.033,7156.803,2836.692,8.834,7157.36,2839.512,5.527,7157.504,2837.346,6.643,7157.771,2839.282,7.604,7158.055,2843.431,6.118,7158.416,2831.54,5.02,7160.113,2841.225,7.143,7161.65,2837.899,4.711,7162.753,2836.625,6.545,7163.43,2839.655,7.586,7163.468,2841.6,5.555,7164.284,2834.33,5.476,7156.699,2838.484,6.256,7162.938
510,2834.33,6.907,7146.588,2841.225,5.571,7148.17,2838.089,6.989,7148.273,2834.073,5.461,7150.215,2839.398,6.479,7150.706,2835.366,8.489,7151.504,2842.906,4.709,7151.656,2841.55,5.068,7151.866,2836.203,5.099,7152.523,2838.967,6.558,7153.273,2843.31,5.651,7153.294,2831.605,5.54,7153.355,2840.763,6.85,7154.775,2831.605,5.512,7154.867,2834.691,8.069,7154.899,2833.181,7.066,7155.907,2839.152,5.479,7156.094,2837.423,7.256,7156.567,2834.731,7.002,7156.808,2836.684,8.814,7157.35,2839.507,5.504,7157.468,2837.343,6.66,7157.81,2839.258,7.534,7157.996,2843.39,6.109,7158.384,2831.533,4.991,7160.084,2841.213,7.044,7161.7,2837.911,4.632,7162.775,2836.607,6.508,7163.497,2839.693,7.573,7163.408,2841.633,5.525,7164.195,2834.336,5.474,7156.673,2838.46,6.617,7162.678
540,2834.391,6.927,7146.563,2841.257,5.565,7148.141,2838.114,7.014,7148.289,2834.188,5.431,7150.225,2839.404,6.454,7150.687,2835.388,8.482,7151.467,2842.998,4.811,7151.662,2841.618,5.029,7151.803,2836.3,5.092,7152.502,2839.003,6.529,7153.242,2843.377,5.629,7153.218,2831.622,5.526,7153.371,2840.786,6.786,7154.73,2831.605,5.496,7154.873,2834.72,8.126,7154.846,2833.186,7.042,7155.895,2839.19,5.502,7156.075,2837.463,7.164,7156.49,2834.771,6.999,7156.756,2836.735,8.763,7157.344,2839.59,5.515,7157.434,2837.354,6.679,7157.784,2839.317,7.489,7157.996,2843.443,6.072,7158.37,2831.536,5.032,7160.028,2841.292,7.05,7161.638,2837.95,4.67,7162.754,2836.636,6.503,7163.451,2839.78,7.517,7163.378,2841.677,5.509,7164.158,2834.385,5.465,7156.692,2838.402,6.557,7162.741
570,2834.327,6.848,7146.543,2841.232,5.493,7148.122,2838.09,6.951,7148.266,2834.17,5.386,7150.214,2839.383,6.32,7150.659,2835.365,8.454,7151.476,2843.005,4.64,7151.601,2841.604,4.979,7151.786,2836.194,5.068,7152.543,2838.92,6.474,7153.18,2843.312,5.55,7153.242,2831.575,5.446,7153.401,2840.751,6.683,7154.622,2831.565,5.439,7154.862,2834.646,8.078,7154.84,2833.155,7.022,7155.869,2839.193,5.482,7156.076,2837.467,7.175,7156.501,2834.765,6.919,7156.772,2836.694,8.851,7157.303,2839.516,5.406,7157.471,2837.337,6.632,7157.735,2839.352,7.462,7157.945,2843.434,6.021,7158.35,2831.517,4.827,7160.053,2841.319,7.01,7161.657,2837.825,4.557,7162.734,2836.543,6.468,7163.464,2839.79,7.481,7163.366,2841.624,5.439,7164.191,2834.402,5.305,7156.624,2838.352,6.523,7162.764
600,2834.352,6.786,7146.553,2841.249,5.559,7148.092,2838.071,6.963,7148.247,2834.172,5.296,7150.186,2839.379,6.331,7150.616,2835.404,8.44,7151.426,2843.058,4.833,7151.631,2841.634,4.958,7151.795,2836.204,5.109,7152.508,2838.891,6.425,7153.129,2843.326,5.571,7153.223,2831.587,5.473,7153.35,2840.81,6.61,7154.61,2831.572,5.411,7154.865,2834.706,8.041,7154.796,2833.168,7.035,7155.816,2839.209,5.449,7156.045,2837.463,7.105,7156.467,2834.818,6.93,7156.746,2836.742,8.65,7157.212,2839.544,5.45,7157.434,2837.348,6.583,7157.708,2839.3,7.463,7157.923,2843.435,6.018,7158.337,2831.479,4.883,7160.007,2841.321,6.986,7161.623,2837.872,4.546,7162.698,2836.618,6.416,7163.384,2839.79,7.404,7163.401,2841.656,5.456,7164.14,2834.371,5.285,7156.591,2838.474,6.207,7162.885
630,2834.365,6.817,7146.56,2841.357,5.586,7148.084,2838.118,6.974,7148.233,2834.177,5.354,7150.176,2839.404,6.382,7150.572,2835.41,8.434,7151.446,2843.052,4.719,7151.55,2841.674,5.094,7151.777,2836.251,5.127,7152.49,2838.871,6.455,7153.08,2843.33,5.552,7153.218,2831.575,5.523,7153.352,2840.797,6.605,7154.588,2831.59,5.478,7154.824,2834.69,8.057,7154.767,2833.165,7.012,7155.817,2839.206,5.468,7156.08,2837.452,7.088,7156.51,2834.775,6.933,7156.717,2836.74,8.702,7157.222,2839.542,5.469,7157.44,2837.384,6.544,7157.776,2839.33,7.434,7157.95,2843.435,5.999,7158.331,2831.455,5.004,7159.972,2841.32,6.978,7161.645,2837.955,4.644,7162.792,2836.619,6.45,7163.404,2839.744,7.406,7163.377,2841.661,5.466,7164.136,2834.388,5.299,7156.579,2838.331,6.337,7162.801
660,2834.313,6.59,7146.601,2841.248,5.496,7148.168,2838.1,6.853,7148.362,2834.19,5.143,7150.257,2839.413,6.141,7150.646,2835.406,8.39,7151.522,2843.034,4.578,7151.66,2841.614,4.934,7151.85,2836.26,4.932,7152.619,2838.817,6.319,7153.145,2843.291,5.451,7153.281,2831.522,5.367,7153.454,2840.723,6.538,7154.68,2831.576,5.366,7154.911,2834.722,7.981,7154.88,2833.191,6.964,7155.929,2839.135,5.148,7156.118,2837.412,7.049,7156.61,2834.761,6.836,7156.833,2836.737,8.582,7157.31,2839.495,5.396,7157.494,2837.296,6.526,7157.849,2839.297,7.385,7158.053,2843.426,5.896,7158.401,2831.479,4.675,7160.08,2841.271,6.922,7161.713,2837.94,4.438,7162.877,2836.646,6.33,7163.504,2839.774,7.53,7163.401,2841.687,5.187,7164.08,2834.412,5.048,7156.639,2838.558,6.938,7162.548
690,2834.334,6.601,7146.645,2841.282,5.512,7148.167,2838.074,6.896,7148.423,2834.242,5.18,7150.341,2839.472,6.275,7150.723,2835.432,8.388,7151.57,2843.021,4.562,7151.62,2841.573,5.027,7151.769,2836.262,4.989,7152.66,2838.919,6.136,7153.113,2843.293,5.469,7153.281,2831.535,5.42,7153.547,2840.824,6.642,7154.629,2831.553,5.321,7154.987,2834.746,8.007,7154.894,2833.175,6.975,7156.01,2839.174,5.262,7156.188,2837.486,7.072,7156.621,2834.78,6.766,7156.838,2836.761,8.62,7157.31,2839.51,5.418,7157.516,2837.314,6.53,7157.828,2839.301,7.219,7158.025,2843.436,5.903,7158.416,2831.46,4.671,7160.095,2841.307,6.891,7161.764,2837.944,4.425,7162.863,2836.628,6.264,7163.533,2839.885,7.529,7163.484,2841.706,5.189,7164.051,2834.43,5.042,7156.657,2838.491,6.974,7162.788
720,2834.336,6.703,7146.64,2841.298,5.542,7148.152,2838.071,6.931,7148.399,2834.207,5.183,7150.342,2839.476,6.328,7150.712,2835.421,8.398,7151.54,2843.002,4.598,7151.641,2841.579,5.03,7151.807,2836.275,4.991,7152.664,2838.899,6.364,7153.213,2843.287,5.524,7153.266,2831.546,5.443,7153.559,2840.833,6.611,7154.669,2831.506,5.387,7154.957,2834.709,8.022,7154.866,2833.164,7.012,7155.966,2839.17,5.33,7156.174,2837.482,7.117,7156.611,2834.791,6.923,7156.812,2836.785,8.684,7157.271,2839.527,5.438,7157.516,2837.348,6.63,7157.846,2839.336,7.403,7158.057,2843.462,5.961,7158.395,2831.458,4.699,7160.08,2841.319,6.864,7161.696,2837.958,4.442,7162.892,2836.671,6.337,7163.517,2839.894,7.516,7163.425,2841.7,5.412,7164.125,2834.379,5.22,7156.721,2838.725,7.079,7162.603
750,2834.343,6.585,7146.626,2841.265,5.475,7148.202,2838.088,6.796,7148.422,2834.217,5.18,7150.319,2839.475,6.065,7150.696,2835.387,8.18,7151.484,2843.013,4.528,7151.646,2841.59,4.918,7151.849,2836.244,4.982,7152.685,2838.883,6.096,7153.125,2843.292,5.442,7153.275,2831.526,5.169,7153.452,2840.772,6.515,7154.702,2831.538,5.21,7154.904,2834.731,7.953,7154.854,2833.163,6.949,7155.904,2839.18,5.106,7156.155,2837.479,7.042,7156.631,2834.784,6.693,7156.771,2836.78,8.536,7157.279,2839.58,5.208,7157.504,2837.336,6.533,7157.798,2839.34,7.324,7158.087,2843.462,5.832,7158.429,2831.481,4.603,7160.117,2841.303,6.71,7161.67,2837.93,4.417,7162.929,2836.645,6.027,7163.46,2839.844,7.421,7163.531,2841.664,5.166,7164.043,2834.404,5.054,7156.691,2838.553,6.672,7162.75
780,2834.305,6.546,7146.594,2841.232,5.471,7148.252,2838.044,6.816,7148.408,2834.229,5.169,7150.309,2839.412,6.039,7150.637,2835.398,8.145,7151.467,2843.01,4.56,7151.66,2841.6,4.897,7151.863,2836.298,4.803,7152.685,2838.881,6.094,7153.188,2843.232,5.433,7153.296,2831.578,5.168,7153.349,2840.835,6.503,7154.738,2831.553,5.152,7154.901,2834.704,7.902,7154.889,2833.14,6.896,7155.971,2839.195,5.047,7156.2,2837.533,7.021,7156.657,2834.855,6.656,7156.813,2836.803,8.563,7157.344,2839.58,5.312,7157.569,2837.398,6.536,7157.875,2839.361,7.351,7158.141,2843.47,5.819,7158.425,2831.441,4.661,7160.085,2841.35,6.934,7161.699,2837.92,4.436,7162.919,2836.681,6.057,7163.49,2839.885,7.398,7163.447,2841.7,5.148,7164.159,2834.407,5.042,7156.704,2838.427,6.95,7162.764
810,2834.352,6.585,7146.59,2841.18,5.475,7148.202,2838.078,6.869,7148.391,2834.301,5.163,7150.338,2839.398,6.065,7150.688,2835.412,8.159,7151.478,2842.962,4.489,7151.675,2841.591,4.851,7151.886,2836.341,4.693,7152.662,2838.915,6.073,7153.205,2843.18,5.335,7153.298,2831.604,5.17,7153.378,2840.83,6.496,7154.745,2831.612,5.181,7154.928,2834.761,7.909,7154.875,2833.207,6.882,7155.895,2839.2,5.064,7156.225,2837.536,7.029,7156.664,2834.866,6.635,7156.831,2836.823,8.607,7157.328,2839.605,5.193,7157.524,2837.394,6.55,7157.837,2839.327,7.212,7158.047,2843.454,5.868,7158.39,2831.458,4.663,7160.104,2841.329,6.78,7161.757,2837.957,4.357,7162.902,2836.7,6.032,7163.502,2839.907,7.452,7163.48,2841.704,5.127,7164.142,2834.428,5.042,7156.738,2838.566,6.821,7162.638
840,2834.348,6.561,7146.611,2841.224,5.343,7148.248,2838.113,6.728,7148.388,2834.297,5.116,7150.31,2839.395,6.047,7150.649,2835.398,8.085,7151.479,2843.018,4.473,7151.693,2841.594,4.648,7151.848,2836.355,4.795,7152.721,2838.932,6.037,7153.218,2843.227,5.353,7153.312,2831.628,5.12,7153.426,2840.787,6.471,7154.668,2831.628,5.123,7154.886,2834.68,7.713,7154.833,2833.222,6.684,7155.943,2839.149,5.009,7156.218,2837.494,7.061,7156.684,2834.858,6.586,7156.801,2836.826,8.523,7157.323,2839.548,5.102,7157.473,2837.42,6.495,7157.869,2839.403,7.057,7158.023,2843.441,5.817,7158.425,2831.451,4.554,7160.07,2841.334,6.665,7161.643,2837.947,4.296,7162.892,2836.643,5.988,7163.42,2839.826,7.171,7163.428,2841.681,5.047,7164.131,2834.434,4.997,7156.729,2838.316,6.866,7162.517
870,2834.34,6.548,7146.602,2841.216,5.308,7148.191,2838.068,6.767,7148.391,2834.265,5.032,7150.304,2839.405,5.996,7150.619,2835.41,8.042,7151.459,2842.96,4.494,7151.726,2841.602,4.701,7151.82,2836.349,4.673,7152.6,2838.92,6.002,7153.141,2843.174,5.326,7153.291,2831.65,5.19,7153.346,2840.717,6.431,7154.669,2831.597,5.232,7154.861,2834.664,7.829,7154.842,2833.214,6.719,7155.964,2839.164,5.018,7156.175,2837.43,6.985,7156.645,2834.818,6.564,7156.752,2836.795,8.469,7157.299,2839.511,5.108,7157.459,2837.348,6.469,7157.773,2839.242,7.08,7158.003,2843.401,5.709,7158.346,2831.461,4.535,7160.042,2841.232,6.503,7161.629,2837.894,4.28,7162.826,2836.583,5.983,7163.39,2839.8,7.279,7163.409,2841.645,5.045,7164.148,2834.414,4.968,7156.718,2838.33,7.793,7162.707
900,2834.365,7.461,7146.697,2841.216,6.062,7148.252,2838.061,7.568,7148.435,2834.244,5.853,7150.432,2839.41,6.904,7150.792,2835.419,8.961,7151.606,2842.964,5.198,7151.751,2841.523,5.575,7151.844,2836.37,5.552,7152.763,2838.891,6.908,7153.301,2843.188,6.031,7153.358,2831.618,6.026,7153.511,2840.736,7.182,7154.782,2831.585,6.063,7154.995,2834.701,8.643,7154.952,2833.235,7.531,7156.075,2839.145,5.769,7156.271,2837.515,7.862,7156.798,2834.829,7.505,7156.868,2836.802,9.293,7157.458,2839.538,5.96,7157.589,2837.369,7.177,7157.866,2839.405,7.919,7158.179,2843.457,6.518,7158.476,2831.475,5.261,7160.184,2841.34,7.4,7161.726,2837.93,5.074,7162.961,2836.605,6.888,7163.546,2839.716,8.136,7163.482,2841.608,5.97,7164.296,2834.448,5.754,7156.791,2838.375,7.613,7162.54
930,2834.407,7.376,7146.608,2841.282,6.119,7148.173,2838.136,7.529,7148.371,2834.287,5.789,7150.38,2839.412,6.823,7150.671,2835.479,8.938,7151.512,2842.993,5.164,7151.625,2841.595,5.591,7151.798,2836.409,5.537,7152.656,2838.901,6.841,7153.208,2843.246,5.977,7153.281,2831.63,6.015,7153.389,2840.842,7.155,7154.659,2831.604,6.025,7154.908,2834.688,8.572,7154.857,2833.248,7.498,7155.951,2839.215,5.766,7156.194,2837.545,7.677,7156.632,2834.831,7.461,7156.785,2836.855,9.171,7157.307,2839.595,5.975,7157.487,2837.356,7.099,7157.803,2839.397,7.931,7158.078,2843.462,6.468,7158.433,2831.488,5.189,7160.044,2841.256,7.344,7161.664,2837.893,5.031,7162.87,2836.621,6.864,7163.399,2839.753,8.03,7163.449,2841.625,5.972,7164.228,2834.454,5.753,7156.688,2838.255,7.543,7162.57
960,2834.499,7.299,7146.667,2841.311,6.061,7148.173,2838.178,7.506,7148.425,2834.331,5.672,7150.352,2839.51,6.812,7150.7,2835.473,8.877,7151.575,2842.973,5.095,7151.728,2841.567,5.581,7151.798,2836.422,5.506,7152.708,2838.941,6.715,7153.208,2843.244,5.9,7153.37,2831.661,5.951,7153.392,2840.837,7.099,7154.731,2831.626,5.877,7154.935,2834.68,8.506,7154.85,2833.249,7.428,7155.992,2839.232,5.64,7156.259,2837.544,7.603,7156.698,2834.785,7.414,7156.844,2836.833,9.108,7157.332,2839.568,5.951,7157.603,2837.39,7.073,7157.87,2839.359,7.842,7158.121,2843.481,6.434,7158.498,2831.448,5.148,7160.096,2841.237,7.194,7161.735,2837.951,4.944,7162.93,2836.657,6.849,7163.439,2839.804,8.213,7163.527,2841.636,5.865,7164.306,2834.498,5.552,7156.666,2838.09,6.974,7162.54
990,2834.499,7.327,7146.559,2841.338,6.075,7148.107,2838.165,7.512,7148.331,2834.307,5.662,7150.242,2839.464,6.587,7150.591,2835.457,8.905,7151.498,2843.02,5.041,7151.636,2841.629,5.517,7151.729,2836.411,5.442,7152.614,2838.987,6.602,7153.104,2843.32,5.832,7153.306,2831.758,5.911,7153.196,2840.866,7.089,7154.666,2831.67,5.939,7154.853,2834.696,8.64,7154.801,2833.273,7.468,7155.932,2839.224,5.619,7156.184,2837.529,7.613,7156.584,2834.805,7.429,7156.752,2836.81,9.363,7157.271,2839.61,5.755,7157.524,2837.414,7.069,7157.801,2839.298,7.838,7158.027,2843.486,6.384,7158.435,2831.422,5.116,7159.993,2841.266,7.341,7161.671,2837.854,4.996,7162.844,2836.643,6.897,7163.36,2839.832,8.313,7163.49,2841.62,5.906,7164.206,2834.48,5.53,7156.563,2838.401,6.946,7162.719
1020,2834.498,7.136,7146.51,2841.35,6.059,7148.177,2838.183,7.487,7148.352,2834.309,5.67,7150.222,2839.388,6.639,7150.633,2835.481,8.853,7151.489,2843.044,5.047,7151.686,2841.677,5.511,7151.817,2836.399,5.439,7152.583,2838.951,6.72,7153.065,2843.362,5.898,7153.339,2831.914,5.887,7153.209,2840.873,7.088,7154.675,2831.63,5.849,7154.813,2834.706,8.533,7154.801,2833.24,7.363,7156,2839.263,5.675,7156.178,2837.478,7.589,7156.582,2834.826,7.42,7156.752,2836.808,9.072,7157.297,2839.638,5.703,7157.433,2837.414,7.042,7157.804,2839.347,7.881,7158.031,2843.474,6.359,7158.494,2831.431,5.122,7159.943,2841.228,7.097,7161.621,2837.847,4.942,7162.806,2836.628,6.831,7163.356,2839.818,8.302,7163.508,2841.595,5.879,7164.238,2834.472,5.537,7156.587,2838.358,7.014,7162.692
1050,2834.414,7.348,7146.555,2841.343,6.12,7148.14,2838.165,7.526,7148.295,2834.285,5.717,7150.206,2839.378,6.839,7150.666,2835.461,8.841,7151.466,2843.054,5.041,7151.688,2841.607,5.648,7151.843,2836.374,5.469,7152.604,2838.848,6.978,7153.046,2843.341,5.941,7153.327,2831.715,5.941,7153.229,2840.834,7.228,7154.655,2831.602,5.805,7154.849,2834.678,8.56,7154.854,2833.198,7.458,7155.978,2839.253,5.833,7156.188,2837.471,7.717,7156.585,2834.783,7.498,7156.752,2836.789,9.102,7157.237,2839.601,5.772,7157.536,2837.428,7.092,7157.782,2839.321,7.944,7158.022,2843.49,6.432,7158.445,2831.447,5.17,7159.969,2841.221,7.417,7161.689,2837.846,4.988,7162.795,2836.615,6.938,7163.35,2839.817,8.368,7163.484,2841.641,5.931,7164.167,2834.479,5.533,7156.59,2838.414,7.422,7162.719
1080,2834.401,7.194,7146.68,2841.313,6.078,7148.289,2838.174,7.516,7148.481,2834.25,5.811,7150.408,2839.477,6.614,7150.83,2835.416,8.669,7151.567,2843.029,5.081,7151.833,2841.647,5.588,7151.912,2836.333,5.505,7152.712,2838.888,6.795,7153.238,2843.351,5.944,7153.472,2831.695,5.924,7153.469,2840.863,7.087,7154.755,2831.556,5.856,7155.023,2834.694,8.551,7154.913,2833.204,7.43,7156.09,2839.273,5.69,7156.266,2837.459,7.618,7156.719,2834.783,7.451,7156.883,2836.757,9.293,7157.447,2839.586,5.735,7157.577,2837.398,7.057,7157.925,2839.328,7.83,7158.152,2843.409,6.447,7158.601,2831.54,5.14,7160.073,2841.253,7.401,7161.81,2837.842,5.06,7162.893,2836.591,6.907,7163.469,2839.798,8.376,7163.628,2841.557,5.82,7164.27,2834.478,5.545,7156.682,2838.622,7.925,7162.643
1110,2834.394,7.233,7146.699,2841.297,6.097,7148.251,2838.163,7.521,7148.494,2834.283,5.666,7150.305,2839.443,6.698,7150.773,2835.422,8.913,7151.669,2843.021,5.026,7151.738,2841.644,5.474,7151.869,2836.381,5.455,7152.71,2838.853,6.887,7153.131,2843.318,5.868,7153.444,2831.641,5.934,7153.433,2840.835,7.242,7154.751,2831.566,5.79,7155.03,2834.65,8.629,7154.935,2833.241,7.293,7156.104,2839.266,5.684,7156.23,2837.454,7.675,7156.705,2834.791,7.482,7156.882,2836.74,9.22,7157.361,2839.594,5.826,7157.619,2837.428,7.057,7157.902,2839.283,7.88,7158.098,2843.425,6.467,7158.525,2831.493,5.153,7160.097,2841.265,7.453,7161.77,2837.885,5.023,7162.87,2836.599,6.979,7163.44,2839.76,8.483,7163.639,2841.574,5.622,7164.217,2834.509,5.533,7156.66,2838.436,7.594,7162.394
1140,2834.346,7.134,7146.578,2841.274,6.096,7148.135,2838.154,7.508,7148.38,2834.295,5.662,7150.202,2839.384,6.668,7150.658,2835.376,8.865,7151.488,2842.976,5.051,7151.603,2841.604,5.511,7151.82,2836.327,5.421,7152.599,2838.869,6.775,7153.098,2843.299,5.916,7153.3,2831.64,5.954,7153.346,2840.795,7.124,7154.653,2831.589,5.864,7154.902,2834.654,8.577,7154.811,2833.201,7.371,7155.97,2839.248,5.696,7156.091,2837.426,7.574,7156.58,2834.743,7.458,7156.744,2836.747,9.102,7157.24,2839.568,5.911,7157.486,2837.366,7.049,7157.809,2839.28,7.894,7157.938,2843.424,6.488,7158.445,2831.474,5.141,7159.91,2841.21,7.202,7161.604,2837.885,4.971,7162.78,2836.611,6.952,7163.346,2839.735,8.211,7163.54,2841.586,5.651,7164.123,2834.463,5.552,7156.569,2838.384,7.526,7162.771
1170,2834.354,7.12,7146.704,2841.282,6.148,7148.232,2838.142,7.521,7148.512,2834.207,5.83,7150.376,2839.249,6.875,7150.806,2835.42,8.919,7151.586,2842.997,5.117,7151.723,2841.571,5.587,7151.868,2836.284,5.545,7152.664,2838.836,6.936,7153.153,2843.297,5.965,7153.39,2831.635,6.034,7153.497,2840.77,7.158,7154.751,2831.568,5.974,7154.991,2834.683,8.629,7154.917,2833.202,7.464,7156.115,2839.209,5.859,7156.238,2837.447,7.575,7156.724,2834.752,7.48,7156.82,2836.729,9.124,7157.365,2839.52,5.955,7157.586,2837.336,7.042,7157.89,2839.203,7.953,7158.095,2843.445,6.502,7158.546,2831.47,5.222,7160.02,2841.179,7.392,7161.771,2837.954,5.113,7162.924,2836.586,6.91,7163.438,2839.676,8.095,7163.531,2841.554,5.803,7164.305,2834.414,5.761,7156.705,2838.635,7.985,7162.455
1200,2834.372,7.154,7146.675,2841.251,6.111,7148.266,2838.168,7.493,7148.532,2834.286,5.641,7150.355,2839.321,6.775,7150.777,2835.369,8.849,7151.592,2842.98,5.094,7151.757,2841.631,5.506,7151.915,2836.354,5.486,7152.728,2838.839,6.762,7153.178,2843.281,5.833,7153.469,2831.604,5.964,7153.573,2840.812,7.072,7154.839,2831.58,5.876,7154.977,2834.668,8.585,7154.995,2833.233,7.365,7156.097,2839.249,5.798,7156.26,2837.419,7.543,7156.751,2834.744,7.429,7156.83,2836.685,9.258,7157.452,2839.573,5.867,7157.63,2837.426,7.059,7157.904,2839.276,7.932,7158.171,2843.379,6.39,7158.564,2831.406,5.147,7160.055,2841.176,7.382,7161.758,2837.931,5.016,7162.95,2836.583,6.922,7163.468,2839.767,8.132,7163.59,2841.612,5.602,7164.239,2834.441,5.531,7156.667,2838.512,7.857,7162.547
1230,2834.371,7.116,7146.658,2841.28,6.094,7148.204,2838.168,7.513,7148.482,2834.323,5.705,7150.263,2839.324,6.632,7150.708,2835.368,8.767,7151.528,2842.989,5.113,7151.706,2841.564,5.469,7151.874,2836.335,5.522,7152.657,2838.858,6.884,7153.15,2843.292,5.798,7153.431,2831.57,5.97,7153.364,2840.806,7.088,7154.78,2831.552,5.918,7154.932,2834.639,8.584,7154.884,2833.241,7.164,7155.918,2839.218,5.773,7156.219,2837.4,7.554,7156.688,2834.716,7.435,7156.808,2836.668,9.071,7157.294,2839.536,5.856,7157.553,2837.367,7.041,7157.875,2839.276,7.944,7158.091,2843.36,6.492,7158.465,2831.435,5.224,7159.997,2841.157,7.402,7161.726,2837.891,5.057,7162.851,2836.513,6.961,7163.394,2839.796,8.392,7163.481,2841.588,5.612,7164.118,2834.433,5.557,7156.604,2838.504,7.215,7162.743
1260,2834.417,7.116,7146.632,2841.323,6.094,7148.282,2838.183,7.506,7148.476,2834.303,5.819,7150.365,2839.289,6.727,7150.708,2835.395,8.683,7151.453,2842.963,5.066,7151.745,2841.592,5.527,7151.897,2836.348,5.465,7152.674,2838.868,6.695,7153.165,2843.275,5.916,7153.456,2831.552,5.975,7153.408,2840.812,7.083,7154.827,2831.536,5.88,7154.978,2834.65,8.604,7154.895,2833.246,7.053,7155.933,2839.223,5.684,7156.144,2837.421,7.532,7156.709,2834.69,7.411,7156.82,2836.709,9.151,7157.335,2839.536,5.827,7157.615,2837.311,7.07,7157.88,2839.281,7.9,7158.202,2843.366,6.453,7158.541,2831.455,5.141,7160.003,2841.137,7.361,7161.733,2837.894,5.016,7162.881,2836.51,6.922,7163.426,2839.687,8.154,7163.542,2841.566,5.604,7164.218,2834.424,5.547,7156.67,2838.573,6.884,7162.806
1290,2834.414,7.06,7146.665,2841.296,6.078,7148.264,2838.192,7.509,7148.489,2834.292,5.793,7150.36,2839.287,6.676,7150.715,2835.403,8.719,7151.446,2842.99,5.068,7151.728,2841.598,5.47,7151.931,2836.365,5.451,7152.693,2838.902,6.702,7153.188,2843.313,5.899,7153.402,2831.565,5.886,7153.374,2840.836,7.085,7154.764,2831.526,5.678,7154.914,2834.703,8.53,7154.878,2833.3,7.062,7155.93,2839.281,5.714,7156.222,2837.488,7.525,7156.742,2834.741,7.37,7156.788,2836.7,9.089,7157.362,2839.618,5.72,7157.579,2837.349,7,7157.966,2839.263,7.846,7158.159,2843.411,6.428,7158.529,2831.491,5.123,7160.006,2841.163,7.354,7161.733,2837.977,4.99,7162.914,2836.522,6.876,7163.477,2839.759,8.308,7163.486,2841.597,5.618,7164.168,2834.434,5.502,7156.725,2838.508,7.581,7162.646
1320,2834.415,7.05,7146.682,2841.307,6.126,7148.219,2838.143,7.526,7148.55,2834.32,5.871,7150.358,2839.306,6.615,7150.687,2835.37,8.687,7151.477,2842.987,5.083,7151.746,2841.567,5.478,7151.906,2836.326,5.517,7152.688,2838.843,6.794,7153.203,2843.324,5.903,7153.403,2831.571,5.95,7153.487,2840.772,7.114,7154.784,2831.534,5.732,7154.934,2834.682,8.561,7154.908,2833.327,7.034,7156.068,2839.246,5.786,7156.276,2837.449,7.574,7156.756,2834.748,7.42,7156.816,2836.707,9.118,7157.308,2839.628,5.722,7157.606,2837.355,7.048,7157.986,2839.267,7.941,7158.178,2843.391,6.486,7158.538,2831.541,5.175,7160.048,2841.124,7.415,7161.708,2837.967,5.035,7162.966,2836.58,6.95,7163.467,2839.729,8.441,7163.47,2841.6,5.714,7164.226,2834.49,5.56,7156.71,2838.403,7.544,7162.672
1350,2834.503,7.189,7146.637,2841.34,6.185,7148.267,2838.193,7.622,7148.525,2834.402,5.901,7150.352,2839.269,6.906,7150.765,2835.45,8.904,7151.568,2842.958,5.033,7151.79,2841.54,5.376,7151.934,2836.356,5.494,7152.714,2838.86,6.922,7153.188,2843.272,5.94,7153.417,2831.561,5.927,7153.475,2840.782,7.167,7154.836,2831.548,5.708,7154.909,2834.697,8.629,7154.932,2833.369,7.058,7156.011,2839.24,5.71,7156.239,2837.485,7.722,7156.726,2834.778,7.487,7156.81,2836.716,9.316,7157.438,2839.573,5.82,7157.623,2837.377,7.109,7158.012,2839.338,7.967,7158.137,2843.428,6.534,7158.529,2831.513,5.16,7160.07,2841.146,7.477,7161.732,2837.903,4.991,7162.983,2836.574,6.997,7163.504,2839.735,8.442,7163.51,2841.545,5.814,7164.259,2834.497,5.541,7156.74,2838.321,7.439,7162.772
1380,2834.482,7.071,7146.708,2841.354,6.102,7148.299,2838.2,7.549,7148.552,2834.423,5.904,7150.369,2839.358,6.606,7150.731,2835.431,8.789,7151.589,2842.969,5.012,7151.801,2841.596,5.496,7151.927,2836.369,5.422,7152.735,2838.823,6.81,7153.243,2843.312,5.89,7153.442,2831.569,5.905,7153.473,2840.79,7.054,7154.815,2831.563,5.624,7154.94,2834.683,8.569,7154.938,2833.337,7.006,7156.074,2839.289,5.617,7156.256,2837.492,7.556,7156.754,2834.751,7.286,7156.842,2836.735,9.072,7157.401,2839.607,5.636,7157.596,2837.367,6.988,7157.998,2839.322,7.838,7158.14,2843.407,6.468,7158.526,2831.504,5.103,7160.067,2841.147,7.214,7161.719,2837.885,4.972,7163.012,2836.594,6.878,7163.521,2839.797,8.328,7163.542,2841.592,5.571,7164.232,2834.444,5.495,7156.767,2838.609,7.959,7162.594
1410,2834.517,7.088,7146.701,2841.323,6.121,7148.292,2838.232,7.55,7148.539,2834.41,5.941,7150.375,2839.323,6.595,7150.698,2835.447,8.713,7151.549,2842.931,4.992,7151.799,2841.532,5.486,7151.962,2836.313,5.491,7152.757,2838.929,6.907,7153.314,2843.298,5.951,7153.433,2831.528,5.831,7153.486,2840.819,7.077,7154.802,2831.589,5.578,7155.012,2834.701,8.579,7154.917,2833.285,7.008,7156.058,2839.294,5.589,7156.31,2837.478,7.565,7156.723,2834.745,7.302,7156.856,2836.726,9.074,7157.379,2839.624,5.693,7157.634,2837.412,7.007,7157.981,2839.371,7.917,7158.173,2843.435,6.421,7158.585,2831.471,5.338,7160.157,2841.133,7.201,7161.691,2837.882,5,7162.993,2836.521,6.946,7163.555,2839.756,8.396,7163.479,2841.567,5.593,7164.289,2834.447,5.49,7156.776,2838.541,7.643,7162.832
1440,2834.523,7.117,7146.704,2841.32,6.309,7148.326,2838.2,7.653,7148.507,2834.381,5.963,7150.376,2839.284,6.704,7150.75,2835.398,8.868,7151.557,2842.963,4.995,7151.769,2841.537,5.547,7151.913,2836.368,5.386,7152.736,2838.9,6.961,7153.332,2843.323,6.024,7153.423,2831.516,5.768,7153.417,2840.764,7.321,7154.826,2831.531,5.726,7154.949,2834.696,8.621,7154.963,2833.271,7.038,7156.061,2839.261,5.647,7156.243,2837.457,7.694,7156.743,2834.735,7.489,7156.835,2836.701,9.146,7157.352,2839.555,5.827,7157.642,2837.408,7.066,7157.955,2839.272,7.984,7158.162,2843.437,6.541,7158.535,2831.48,5.087,7160.107,2841.105,7.351,7161.761,2837.87,4.966,7162.939,2836.535,7.009,7163.545,2839.771,8.496,7163.536,2841.618,5.605,7164.234,2834.453,5.48,7156.765,2838.522,7.215,7162.737
1470,2834.514,7.001,7146.687,2841.382,6.111,7148.287,2838.242,7.545,7148.523,2834.347,5.912,7150.369,2839.421,6.593,7150.764,2835.436,8.583,7151.474,2843,4.986,7151.729,2841.518,5.508,7151.925,2836.358,5.373,7152.745,2838.973,6.726,7153.265,2843.369,5.719,7153.355,2831.466,5.618,7153.376,2840.768,7.081,7154.725,2831.454,5.614,7154.965,2834.718,8.552,7154.905,2833.318,6.976,7156.067,2839.267,5.614,7156.244,2837.501,7.56,7156.681,2834.77,7.315,7156.834,2836.758,9.081,7157.326,2839.571,5.679,7157.612,2837.359,7.01,7157.945,2839.262,7.844,7158.18,2843.453,6.365,7158.538,2831.451,5.09,7160.1,2841.106,7.057,7161.688,2837.87,4.968,7162.976,2836.555,6.914,7163.569,2839.815,8.441,7163.502,2841.599,5.493,7164.18,2834.424,5.481,7156.771,2838.355,7.473,7162.79
1500,2834.558,7.06,7146.666,2841.398,6.123,7148.265,2838.257,7.532,7148.509,2834.416,5.678,7150.292,2839.429,6.587,7150.71,2835.441,8.681,7151.487,2843.051,4.99,7151.709,2841.593,5.543,7151.922,2836.395,5.441,7152.717,2839.003,6.885,7153.329,2843.417,5.891,7153.426,2831.51,5.771,7153.427,2840.824,7.117,7154.714,2831.496,5.722,7154.942,2834.696,8.543,7154.888,2833.31,6.997,7156.025,2839.282,5.63,7156.23,2837.5,7.544,7156.691,2834.767,7.359,7156.797,2836.734,9.1,7157.356,2839.584,5.699,7157.57,2837.402,7.017,7157.936,2839.255,7.84,7158.094,2843.497,6.455,7158.536,2831.479,5.112,7160.097,2841.158,7.137,7161.658,2837.947,5.005,7162.924,2836.538,6.953,7163.53,2839.768,8.419,7163.441,2841.63,5.621,7164.133,2834.46,5.502,7156.738,2838.334,6.946,7162.692
1530,2834.56,7.099,7146.646,2841.364,6.15,7148.255,2838.2,7.597,7148.521,2834.344,5.932,7150.332,2839.406,6.644,7150.684,2835.458,8.888,7151.498,2843.023,5.04,7151.732,2841.603,5.545,7151.909,2836.368,5.475,7152.708,2838.956,6.836,7153.311,2843.391,5.981,7153.361,2831.523,6.013,7153.356,2840.795,7.178,7154.674,2831.487,5.972,7154.98,2834.743,8.634,7154.854,2833.34,7.059,7156.008,2839.277,5.67,7156.165,2837.507,7.551,7156.654,2834.762,7.428,7156.751,2836.728,9.094,7157.326,2839.582,5.867,7157.627,2837.361,7.019,7157.847,2839.245,7.877,7158.145,2843.499,6.433,7158.539,2831.427,5.166,7160.089,2841.151,7.1,7161.608,2837.935,5.062,7162.959,2836.505,7.002,7163.484,2839.704,8.386,7163.368,2841.645,5.607,7164.148,2834.467,5.529,7156.68,2838.366,7.469,7162.728
1560,2834.507,7.022,7146.745,2841.376,6.102,7148.35,2838.228,7.546,7148.598,2834.291,5.564,7150.412,2839.375,6.582,7150.875,2835.461,8.823,7151.617,2843.021,4.93,7151.832,2841.564,5.41,7152.017,2836.353,5.358,7152.817,2838.934,6.626,7153.337,2843.392,5.718,7153.413,2831.486,5.66,7153.364,2840.781,7.081,7154.79,2831.453,5.887,7155.052,2834.708,8.589,7154.93,2833.297,7.052,7156.173,2839.27,5.618,7156.318,2837.53,7.502,7156.743,2834.78,7.357,7156.845,2836.783,9.084,7157.416,2839.563,5.664,7157.652,2837.365,7.024,7157.948,2839.207,7.784,7158.206,2843.488,6.195,7158.559,2831.426,5.076,7160.152,2841.127,7.017,7161.741,2837.875,4.925,7163.052,2836.476,6.949,7163.645,2839.675,8.176,7163.579,2841.573,5.531,7164.28,2834.413,5.515,7156.84,2838.543,7.536,7162.719
1590,2834.523,7.039,7146.758,2841.383,6.106,7148.317,2838.23,7.538,7148.565,2834.379,5.521,7150.407,2839.459,6.549,7150.821,2835.488,8.735,7151.588,2843.038,4.936,7151.752,2841.563,5.535,7151.99,2836.398,5.397,7152.777,2838.948,6.635,7153.271,2843.403,5.773,7153.461,2831.501,5.668,7153.46,2840.873,7.045,7154.802,2831.459,5.698,7155.039,2834.695,8.553,7154.963,2833.284,7.056,7156.125,2839.298,5.608,7156.294,2837.543,7.462,7156.793,2834.763,7.229,7156.833,2836.776,9.018,7157.419,2839.625,5.638,7157.679,2837.435,6.986,7158.012,2839.303,7.658,7158.101,2843.511,6.357,7158.602,2831.431,5.065,7160.161,2841.174,7.055,7161.722,2837.862,4.962,7163.076,2836.515,6.924,7163.602,2839.622,8.153,7163.534,2841.635,5.541,7164.341,2834.42,5.491,7156.845,2838.349,7.405,7162.783
1620,2834.48,7.058,7146.81,2841.302,6.208,7148.437,2838.183,7.547,7148.677,2834.295,5.574,7150.521,2839.336,6.545,7150.99,2835.4455,8.799,7151.635,2842.955,4.981,7151.867,2841.543,5.58,7152.054,2836.284,5.405,7152.862,2838.8565,6.723,7153.3545,2843.328,5.852,7153.605,2831.435,5.872,7153.637,2840.803,7.074,7154.921,2831.451,5.892,7155.183,2834.642,8.609,7155.019,2833.214,7.071,7156.209,2839.264,5.603,7156.448,2837.459,7.488,7156.863,2834.703,7.356,7156.968,2836.674,9.066,7157.481,2839.576,5.673,7157.753,2837.347,6.996,7158.025,2839.232,7.719,7158.263,2843.457,6.414,7158.714,2831.349,5.157,7160.275,2841.168,7.042,7161.848,2837.851,5.028,7163.142,2836.464,6.981,7163.64,2839.734,8.086,7163.655,2841.593,5.618,7164.412,2834.39,5.519,7156.88,2838.41,7.518,7162.702
1650,2834.471,7.126,7146.779,2841.368,6.308,7148.521,2838.198,7.641,7148.65,2834.285,5.604,7150.504,2839.359,6.585,7150.948,2835.403,8.863,7151.682,2842.996,4.938,7151.901,2841.487,5.575,7152.107,2836.348,5.332,7152.859,2838.765,6.811,7153.438,2843.325,5.917,7153.567,2831.38,5.722,7153.449,2840.752,7.086,7154.939,2831.434,5.908,7155.121,2834.633,8.691,7154.927,2833.19,7.343,7156.19,2839.249,5.601,7156.399,2837.433,7.553,7156.839,2834.702,7.411,7156.948,2836.674,9.099,7157.448,2839.541,5.798,7157.793,2837.346,7.085,7158.028,2839.252,7.856,7158.288,2843.484,6.329,7158.696,2831.382,5.088,7160.199,2841.227,7.271,7161.847,2837.843,4.932,7163.138,2836.472,7.053,7163.595,2839.61,8.165,7163.67,2841.56,5.592,7164.416,2834.407,5.496,7156.879,2838.463,7.479,7162.784
1680,2834.454,7.003,7146.838,2841.381,6.121,7148.501,2838.214,7.525,7148.678,2834.29,5.54,7150.522,2839.42,6.496,7151.059,2835.398,8.603,7151.658,2842.979,4.951,7151.889,2841.561,5.524,7152.059,2836.377,5.226,7152.774,2838.816,6.59,7153.359,2843.31,5.835,7153.59,2831.412,5.716,7153.486,2840.768,6.991,7155.001,2831.482,5.802,7155.167,2834.646,8.555,7155.01,2833.188,7.005,7156.219,2839.249,5.539,7156.416,2837.449,7.515,7156.863,2834.695,7.294,7156.984,2836.698,8.997,7157.462,2839.595,5.722,7157.771,2837.371,6.964,7158.081,2839.266,7.667,7158.278,2843.483,6.286,7158.714,2831.4,5.068,7160.228,2841.144,7.023,7161.881,2837.839,4.87,7163.102,2836.459,6.951,7163.629,2839.637,8.012,7163.704,2841.613,5.579,7164.396,2834.374,5.512,7156.934,2838.475,7.364,7162.82
1710,2834.491,6.909,7146.841,2841.314,6.078,7148.502,2838.191,7.528,7148.691,2834.356,5.598,7150.49,2839.374,6.506,7151.036,2835.397,8.661,7151.668,2842.984,4.931,7151.903,2841.531,5.516,7152.063,2836.336,5.223,7152.849,2838.772,6.579,7153.391,2843.313,5.819,7153.577,2831.477,5.629,7153.56,2840.781,6.936,7155.075,2831.583,5.839,7155.179,2834.681,8.54,7155.058,2833.213,7.077,7156.21,2839.247,5.509,7156.427,2837.443,7.538,7156.862,2834.718,7.267,7157.006,2836.681,9.077,7157.459,2839.577,5.647,7157.752,2837.384,7,7158.051,2839.153,7.665,7158.226,2843.467,6.338,7158.739,2831.429,5.036,7160.23,2841.148,7.025,7161.909,2837.868,4.916,7163.124,2836.434,6.913,7163.685,2839.715,8.005,7163.674,2841.639,5.584,7164.416,2834.396,5.483,7156.943,2838.444,7.704,7162.655
1740,2834.499,7.025,7146.823,2841.366,6.09,7148.486,2838.176,7.595,7148.671,2834.343,5.643,7150.498,2839.299,6.458,7151.032,2835.407,8.773,7151.735,2842.931,5.06,7151.938,2841.414,5.58,7152.091,2836.351,5.341,7152.895,2838.743,6.6125,7153.431,2843.275,5.93,7153.587,2831.533,5.798,7153.609,2840.784,6.973,7155.099,2831.595,5.981,7155.198,2834.624,8.562,7155.062,2833.185,7.092,7156.263,2839.248,5.592,7156.391,2837.415,7.556,7156.899,2834.698,7.331,7157.021,2836.675,9.092,7157.47,2839.573,5.73,7157.797,2837.356,7.039,7158.084,2839.19,7.892,7158.287,2843.466,6.342,7158.759,2831.445,5.069,7160.282,2841.185,7.095,7161.892,2837.817,4.929,7163.146,2836.463,6.94,7163.674,2839.715,8.049,7163.718,2841.606,5.592,7164.411,2834.403,5.467,7156.897,2838.572,7.544,7162.751
1770,2834.539,7.061,7146.828,2841.297,6.185,7148.554,2838.111,7.798,7148.745,2834.361,5.68,7150.489,2839.22,6.434,7151.134,2835.404,8.89,7151.726,2842.842,5.013,7151.964,2841.371,5.61,7152.112,2836.344,5.341,7152.869,2838.714,6.646,7153.471,2843.267,5.903,7153.654,2831.579,5.867,7153.572,2840.771,7.019,7155.086,2831.568,5.821,7155.155,2834.667,8.679,7155.063,2833.212,7.382,7156.319,2839.229,5.54,7156.409,2837.458,7.665,7156.887,2834.708,7.456,7157.05,2836.646,9.334,7157.546,2839.529,5.623,7157.812,2837.379,7.058,7158.107,2839.194,7.916,7158.239,2843.459,6.392,7158.774,2831.467,5.04,7160.276,2841.232,7.331,7161.936,2837.843,4.966,7163.188,2836.421,6.975,7163.668,2839.632,8.095,7163.726,2841.578,5.647,7164.453,2834.424,5.522,7156.957,2838.798,7.55,7162.5
1800,2834.495,7.022,7146.758,2841.293,6.079,7148.413,2838.17,7.582,7148.631,2834.433,5.632,7150.429,2839.392,6.434,7150.996,2835.431,8.821,7151.664,2842.879,4.959,7151.839,2841.41,5.518,7152.026,2836.425,5.347,7152.841,2838.781,6.599,7153.384,2843.291,5.874,7153.513,2831.591,5.713,7153.473,2840.761,6.916,7155.037,2831.508,5.687,7155.02,2834.658,8.595,7155.015,2833.199,7.137,7156.122,2839.237,5.536,7156.349,2837.479,7.573,7156.835,2834.71,7.417,7156.927,2836.689,9.049,7157.417,2839.565,5.638,7157.695,2837.387,7.016,7157.996,2839.255,7.859,7158.232,2843.484,6.301,7158.674,2831.436,5.052,7160.178,2841.199,7.096,7161.857,2837.844,4.889,7163.047,2836.472,6.889,7163.611,2839.585,8.052,7163.549,2841.62,5.542,7164.321,2834.413,5.503,7156.862,2838.664,7.457,7162.593
1830,2834.54,7.064,7146.766,2841.385,6.192,7148.495,2838.102,7.636,7148.636,2834.413,5.83,7150.482,2839.243,6.428,7150.993,2835.4435,8.751,7151.6325,2842.914,4.995,7151.905,2841.392,5.516,7152.053,2836.386,5.369,7152.8,2838.834,6.786,7153.507,2843.27,5.936,7153.51,2831.505,5.624,7153.408,2840.79,6.984,7155.004,2831.493,5.861,7155.097,2834.647,8.659,7155.038,2833.1885,7.091,7156.1075,2839.219,5.584,7156.342,2837.453,7.598,7156.798,2834.708,7.426,7156.949,2836.699,9.057,7157.419,2839.543,5.652,7157.648,2837.401,7.01,7158.007,2839.242,7.91,7158.265,2843.465,6.265,7158.705,2831.428,5.092,7160.142,2841.177,7.119,7161.861,2837.757,4.96,7163.021,2836.458,6.907,7163.574,2839.647,8.024,7163.612,2841.565,5.576,7164.347,2834.434,5.539,7156.801,2838.728,7.615,7162.763
1860,2834.593,6.975,7146.799,2841.504,6.193,7148.542,2838.165,7.527,7148.635,2834.44,5.696,7150.405,2839.264,6.427,7151.031,2835.456,8.681,7151.601,2842.911,4.953,7151.954,2841.458,5.433,7152.169,2836.379,5.254,7152.787,2838.828,6.594,7153.467,2843.247,5.863,7153.608,2831.52,5.598,7153.457,2840.771,6.953,7155.085,2831.525,5.671,7155.036,2834.676,8.592,7154.99,2833.178,7.045,7156.093,2839.25,5.529,7156.348,2837.513,7.555,7156.821,2834.729,7.289,7156.963,2836.7,9.047,7157.469,2839.552,5.598,7157.71,2837.378,7.005,7158.003,2839.236,7.915,7158.272,2843.46,6.132,7158.717,2831.411,5.01,7160.175,2841.231,7.112,7161.942,2837.742,4.917,7163.081,2836.425,6.777,7163.616,2839.664,8.015,7163.702,2841.501,5.547,7164.333,2834.399,5.491,7156.873,2838.799,7.567,7162.591
1890,2834.592,6.989,7146.826,2841.522,6.46,7148.586,2838.185,7.554,7148.635,2834.419,5.681,7150.439,2839.393,6.51,7151.024,2835.428,8.783,7151.666,2842.967,4.908,7151.942,2841.494,5.458,7152.095,2836.381,5.207,7152.8,2838.867,6.602,7153.477,2843.296,5.854,7153.587,2831.542,5.611,7153.49,2840.761,6.941,7155.055,2831.56,5.718,7155.039,2834.672,8.593,7155.021,2833.263,7.085,7156.142,2839.262,5.538,7156.374,2837.487,7.552,7156.839,2834.737,7.326,7156.992,2836.678,9.049,7157.482,2839.556,5.594,7157.753,2837.394,6.989,7157.984,2839.249,7.902,7158.314,2843.501,6.09,7158.687,2831.427,5.003,7160.161,2841.217,7.082,7161.842,2837.763,4.916,7163.088,2836.474,6.842,7163.625,2839.593,7.948,7163.659,2841.528,5.565,7164.37,2834.434,5.465,7156.925,2838.915,7.773,7162.546
1920,2834.594,6.947,7146.83,2841.503,6.223,7148.522,2838.167,7.642,7148.616,2834.419,5.59,7150.435,2839.367,6.526,7151.076,2835.456,8.89,7151.712,2842.994,4.92,7151.969,2841.521,5.422,7152.134,2836.376,5.212,7152.804,2838.898,6.665,7153.427,2843.33,5.776,7153.614,2831.583,5.607,7153.483,2840.737,6.923,7155.074,2831.57,5.59,7155.055,2834.595,8.669,7155.012,2833.229,7.093,7156.155,2839.261,5.5,7156.375,2837.523,7.604,7156.819,2834.737,7.351,7157,2836.653,9.127,7157.465,2839.597,5.543,7157.767,2837.413,6.954,7158,2839.201,7.904,7158.239,2843.496,6.2,7158.681,2831.455,4.944,7160.171,2841.264,7.215,7161.851,2837.815,4.715,7163.077,2836.46,6.862,7163.627,2839.476,7.951,7163.642,2841.561,5.589,7164.337,2834.431,5.473,7156.974,2838.825,7.526,7162.437
1950,2834.564,6.931,7146.851,2841.401,6.294,7148.515,2838.167,7.53,7148.67,2834.379,5.596,7150.437,2839.336,6.497,7151.093,2835.415,8.581,7151.653,2842.983,4.958,7151.884,2841.51,5.388,7152.076,2836.355,5.235,7152.818,2838.845,6.634,7153.438,2843.328,5.912,7153.544,2831.518,5.564,7153.559,2840.769,6.908,7155.003,2831.494,5.657,7155.053,2834.64,8.589,7155.056,2833.234,7.07,7156.151,2839.276,5.445,7156.305,2837.514,7.519,7156.87,2834.744,7.235,7156.948,2836.68,8.98,7157.499,2839.618,5.58,7157.748,2837.455,6.823,7158.024,2839.209,7.662,7158.156,2843.513,6.113,7158.657,2831.435,4.934,7160.171,2841.25,7.046,7161.857,2837.783,4.81,7163.107,2836.468,6.56,7163.628,2839.59,7.889,7163.616,2841.504,5.618,7164.331,2834.435,5.439,7156.948,2838.831,7.553,7162.54
1980,2834.609,6.861,7146.836,2841.348,6.333,7148.6,2838.173,7.531,7148.662,2834.403,5.626,7150.451,2839.366,6.455,7151.051,2835.398,8.614,7151.675,2842.987,4.959,7151.858,2841.51,5.341,7152.131,2836.38,5.353,7152.902,2838.875,6.63,7153.479,2843.322,5.845,7153.568,2831.52,5.582,7153.505,2840.794,6.908,7155.047,2831.499,5.628,7155.036,2834.657,8.558,7155.072,2833.326,6.988,7156.214,2839.268,5.464,7156.384,2837.535,7.532,7156.91,2834.773,7.157,7157.012,2836.685,8.958,7157.51,2839.643,5.607,7157.788,2837.429,6.967,7158.063,2839.236,7.704,7158.196,2843.51,6.09,7158.692,2831.454,5.013,7160.146,2841.194,7.073,7161.835,2837.802,4.922,7163.074,2836.488,6.616,7163.664,2839.605,7.964,7163.635,2841.506,5.575,7164.375,2834.442,5.455,7156.958,2838.828,7.566,7162.503
2010,2834.627,6.706,7146.823,2841.344,6.148,7148.583,2838.15,7.523,7148.752,2834.424,5.551,7150.511,2839.295,6.473,7151.115,2835.464,8.563,7151.68,2843.027,4.771,7151.89,2841.557,5.154,7152.075,2836.336,5.198,7152.888,2838.928,6.573,7153.506,2843.415,5.685,7153.495,2831.554,5.485,7153.577,2840.778,6.722,7155.007,2831.529,5.588,7155.08,2834.678,8.511,7155.064,2833.339,7.016,7156.183,2839.26,5.412,7156.393,2837.568,7.509,7156.909,2834.794,7.144,7157.021,2836.665,8.967,7157.488,2839.614,5.533,7157.817,2837.427,6.92,7158.138,2839.291,7.572,7158.238,2843.491,6.081,7158.696,2831.436,4.898,7160.2,2841.227,7.057,7161.863,2837.819,4.678,7163.091,2836.53,6.556,7163.713,2839.537,7.92,7163.621,2841.512,5.49,7164.366,2834.496,5.298,7156.922,2838.355,7.514,7162.726
2040,2834.624,6.95,7146.828,2841.383,6.198,7148.576,2838.18,7.549,7148.764,2834.452,5.548,7150.49,2839.406,6.489,7151.06,2835.434,8.555,7151.622,2843.015,4.855,7151.947,2841.521,5.206,7152.068,2836.377,5.262,7152.977,2838.886,6.565,7153.478,2843.37,5.835,7153.617,2831.546,5.527,7153.58,2840.773,6.889,7155.021,2831.504,5.601,7155.064,2834.654,8.507,7154.978,2833.316,7.067,7156.135,2839.235,5.462,7156.458,2837.55,7.573,7156.87,2834.778,7.125,7157.007,2836.704,8.964,7157.457,2839.557,5.569,7157.787,2837.419,6.981,7158.091,2839.303,7.611,7158.273,2843.471,6.145,7158.702,2831.409,4.913,7160.225,2841.188,7.068,7161.823,2837.771,4.718,7163.085,2836.524,6.56,7163.758,2839.483,7.98,7163.694,2841.551,5.506,7164.403,2834.502,5.308,7156.905,2838.423,7.549,7162.67
2070,2834.515,6.71,7146.81,2841.319,6.142,7148.613,2838.097,7.491,7148.781,2834.321,5.489,7150.502,2839.242,6.391,7151.05,2835.335,8.506,7151.666,2842.876,4.701,7151.915,2841.391,5.144,7152.101,2836.294,5.16,7152.914,2838.777,6.541,7153.478,2843.273,5.684,7153.591,2831.386,5.455,7153.563,2840.625,6.825,7155.116,2831.367,5.537,7155.117,2834.497,8.447,7155.058,2833.182,7.011,7156.136,2839.135,5.383,7156.489,2837.466,7.477,7156.896,2834.647,7.092,7157.023,2836.575,8.879,7157.471,2839.478,5.544,7157.804,2837.328,6.874,7158.098,2839.186,7.635,7158.329,2843.341,6.101,7158.699,2831.316,4.834,7160.252,2841.151,7.042,7161.854,2837.634,4.722,7163.106,2836.394,6.469,7163.713,2839.54,7.93,7163.603,2841.44,5.437,7164.439,2834.373,5.279,7156.922,2838.274,7.487,7162.515
2100,2834.534,6.634,7146.788,2841.301,6.144,7148.65,2838.095,7.448,7148.836,2834.323,5.493,7150.544,2839.229,6.431,7151.156,2835.313,8.499,7151.658,2842.873,4.665,7151.915,2841.407,5.095,7152.132,2836.295,5.13,7152.953,2838.723,6.544,7153.559,2843.314,5.628,7153.621,2831.365,5.434,7153.544,2840.635,6.613,7155.085,2831.345,5.527,7155.099,2834.48,8.367,7155.076,2833.103,7.002,7156.171,2839.177,5.381,7156.493,2837.456,7.426,7156.895,2834.662,7.06,7157.034,2836.535,8.866,7157.493,2839.494,5.475,7157.857,2837.322,6.846,7158.138,2839.176,7.613,7158.293,2843.368,6.053,7158.782,2831.265,4.778,7160.272,2841.121,7.052,7161.899,2837.638,4.629,7163.163,2836.353,6.487,7163.758,2839.435,7.868,7163.623,2841.407,5.377,7164.461,2834.358,5.227,7156.954,2838.384,7.476,7162.685
2130,2834.602,6.563,7146.797,2841.324,6.117,7148.636,2838.181,7.377,7148.851,2834.301,5.475,7150.502,2839.286,6.343,7151.094,2835.324,8.466,7151.685,2842.89,4.733,7151.928,2841.397,5.123,7152.154,2836.231,5.157,7152.929,2838.743,6.513,7153.537,2843.308,5.591,7153.599,2831.385,5.427,7153.537,2840.658,6.58,7155.063,2831.352,5.472,7155.087,2834.455,8.368,7155.094,2833.14,7.028,7156.122,2839.17,5.308,7156.512,2837.496,7.394,7156.879,2834.676,7.019,7157.015,2836.543,8.862,7157.498,2839.512,5.455,7157.884,2837.414,6.689,7158.046,2839.266,7.561,7158.299,2843.372,6,7158.755,2831.316,4.728,7160.2,2841.124,7.068,7161.857,2837.59,4.644,7163.116,2836.378,6.401,7163.699,2839.372,7.703,7163.599,2841.356,5.381,7164.441,2834.337,5.258,7156.974,2838.294,7.575,7162.61
2160,2834.545,6.569,7146.795,2841.314,6.059,7148.629,2838.118,7.418,7148.797,2834.297,5.423,7150.541,2839.346,6.211,7151.078,2835.339,8.418,7151.677,2843,4.689,7151.948,2841.582,5.088,7152.154,2836.257,5.158,7152.953,2838.81,6.516,7153.559,2843.34,5.555,7153.672,2831.372,5.42,7153.549,2840.72,6.62,7155.054,2831.341,5.452,7155.137,2834.499,8.394,7155.043,2833.164,7.012,7156.138,2839.206,5.214,7156.469,2837.508,7.417,7156.871,2834.658,7,7157.026,2836.524,8.845,7157.521,2839.508,5.459,7157.869,2837.342,6.622,7158.008,2839.253,7.601,7158.331,2843.412,5.999,7158.798,2831.308,4.841,7160.252,2841.121,7.042,7161.897,2837.616,4.61,7163.132,2836.354,6.424,7163.699,2839.436,7.679,7163.566,2841.373,5.381,7164.426,2834.347,5.238,7156.955,2838.131,6.825,7162.797
2190,2834.589,6.611,7146.903,2841.238,6.054,7148.764,2838.099,7.43,7148.916,2834.266,5.461,7150.664,2839.287,6.141,7151.175,2835.349,8.465,7151.777,2842.959,4.723,7152.055,2841.539,5.097,7152.265,2836.29,5.134,7153.022,2838.777,6.524,7153.633,2843.355,5.568,7153.762,2831.377,5.436,7153.656,2840.709,6.605,7155.133,2831.366,5.488,7155.25,2834.492,8.424,7155.155,2833.156,7.005,7156.292,2839.182,5.389,7156.629,2837.471,7.423,7157.004,2834.614,7.029,7157.124,2836.574,8.839,7157.603,2839.516,5.447,7157.984,2837.316,6.679,7158.111,2839.291,7.579,7158.43,2843.359,5.939,7158.924,2831.293,4.85,7160.392,2841.113,7.05,7161.978,2837.612,4.748,7163.272,2836.349,6.435,7163.834,2839.427,7.714,7163.672,2841.37,5.49,7164.512,2834.345,5.215,7157.083,2838.254,7.045,7162.776
2220,2834.709,6.6,7146.862,2841.362,6.081,7148.56,2838.239,7.442,7148.796,2834.423,5.548,7150.537,2839.276,6.137,7151.1245,2835.516,8.473,7151.729,2843.063,4.697,7151.936,2841.7,5.102,7152.175,2836.414,5.193,7152.917,2838.957,6.539,7153.489,2843.518,5.62,7153.639,2831.5,5.419,7153.5,2840.872,6.688,7155.073,2831.464,5.511,7155.165,2834.592,8.382,7155.073,2833.233,7.035,7156.204,2839.277,5.452,7156.477,2837.592,7.454,7156.879,2834.732,7.051,7157.03,2836.687,8.871,7157.511,2839.594,5.467,7157.817,2837.418,6.894,7158.066,2839.377,7.603,7158.343,2843.54,6.004,7158.773,2831.398,4.903,7160.27,2841.298,7.104,7161.843,2837.797,4.722,7163.125,2836.441,6.511,7163.743,2839.647,7.882,7163.57,2841.487,5.499,7164.422,2834.461,5.253,7156.96,2838.3325,7.3245,7162.742
2250,2834.54,6.568,7146.909,2841.24,5.981,7148.665,2838.074,7.421,7148.824,2834.318,5.461,7150.527,2839.265,6.133,7151.074,2835.365,8.493,7151.711,2843,4.7,7151.978,2841.534,5.064,7152.259,2836.269,5.088,7152.947,2838.812,6.463,7153.495,2843.368,5.529,7153.645,2831.384,5.282,7153.538,2840.729,6.596,7155.064,2831.379,5.463,7155.214,2834.492,8.476,7155.061,2833.079,7.006,7156.176,2839.181,5.208,7156.491,2837.452,7.433,7156.898,2834.635,7.018,7157.074,2836.518,8.92,7157.485,2839.486,5.398,7157.85,2837.288,6.716,7158.057,2839.246,7.615,7158.361,2843.406,5.839,7158.818,2831.31,4.67,7160.251,2841.158,7.117,7161.849,2837.567,4.645,7163.173,2836.329,6.408,7163.773,2839.6095,8.3555,7163.579,2841.358,5.36,7164.421,2834.396,5.086,7156.896,2838.411,7.604,7162.708
2280,2834.506,7.545,7146.908,2841.209,6.993,7148.647,2838.052,8.381,7148.855,,,,2839.29,7.13,7151.082,2835.339,9.462,7151.749,2842.994,5.641,7151.98,,,,2836.318,6.063,7152.945,,,,2843.399,6.489,7153.675,2831.493,6.341,7153.651,2840.758,7.579,7155.076,2831.401,6.452,7155.227,2834.544,9.406,7155.165,2833.129,8.034,7156.165,2839.216,6.317,7156.523,2837.44,8.413,7156.938,2834.653,7.989,7157.085,2836.588,9.873,7157.54,2839.536,6.401,7157.896,2837.352,7.612,7158.101,2839.291,8.572,7158.39,2843.433,6.805,7158.873,2831.359,5.682,7160.268,2841.212,8.081,7161.89,2837.626,5.645,7163.141,2836.345,7.393,7163.822,2839.572,8.829,7163.588,2841.418,6.375,7164.45,2834.356,6.24,7157.023,2838.119,7.273,7162.507
2310,2834.511,6.54,7146.811,2841.231,6.035,7148.506,2838.115,7.46,7148.709,,,,2839.298,6.6095,7151.105,2835.35,8.535,7151.619,2843.011,4.621,7151.904,,,,2836.322,5.046,7152.894,,,,2843.374,5.481,7153.599,2831.49,5.476,7153.533,2840.755,6.619,7154.946,2831.444,5.477,7155.114,2834.512,8.497,7155.004,2833.153,7.224,7156.079,2839.202,5.335,7156.391,2837.46,8.410333333,7156.895,2834.653,7.069,7156.961,2836.603,8.954,7157.418,2839.51,5.42,7157.8,2837.341,7.1265,7158.0805,2839.24,7.589,7158.198,2843.457,5.913,7158.746,2831.343,4.672,7160.186,2841.194,7.128,7161.818,2837.635,4.589,7163.048,2836.307,6.46,7163.681,2839.412,7.939,7163.527,2841.438,5.356,7164.342,2834.352,5.213,7156.936,2838.057,6.936,7162.9
2340,2834.566,6.492,7146.964,2841.296,5.974,7148.634,2838.111,7.39,7148.877,,,,2839.306,6.089,7151.128,2835.326,8.5,7151.72,2843.022,4.624,7151.99,,,,2836.39,4.991,7153.069,,,,2843.404,5.47,7153.719,2831.472,5.354,7153.625,2840.764,6.549,7155.087,2831.396,5.374,7155.26,2834.527,8.475,7155.091,2833.197,7.055,7156.216,2839.249,5.278,7156.526,2837.48,8.407666667,7156.852,2834.654,7.028,7157.071,2836.604,8.951,7157.555,2839.501,5.33,7157.923,2837.33,6.641,7158.06,2839.299,7.541,7158.369,2843.444,5.719,7158.802,2831.34,4.621,7160.249,2841.206,7.024,7161.98,2837.688,4.533,7163.181,2836.284,6.394,7163.791,2839.482,7.909,7163.621,2841.399,5.191,7164.39,2834.378,5.092,7156.986,2838.165,7.892,7162.648
2370,2834.666,7.459,7146.817,2841.302,6.88,7148.578,2838.206,8.187,7148.793,,,,2839.32,7.085,7151.131,2835.374,9.416,7151.645,2843.079,5.699,7151.946,,,,2836.41,5.998,7152.969,,,,2843.439,6.483,7153.645,2831.473,6.142,7153.432,2840.756,7.533,7155.064,2831.437,6.401,7155.087,2834.565,9.41,7154.968,2833.182,8.008,7156.087,2839.267,6.205,7156.388,2837.5,8.405,7156.809,2834.711,7.994,7156.975,2836.648,9.816,7157.45,2839.534,6.379,7157.825,2837.326,7.624,7157.961,2839.286,8.501,7158.275,2843.473,6.622,7158.731,2831.341,5.668,7160.137,2841.162,7.97,7161.881,2837.657,5.559,7163.063,2836.31,7.289,7163.704,2839.407,8.704,7163.534,2841.37,6.386,7164.319,2834.404,6.089,7156.857,2838.156,7.659,7162.651
2400,2834.663,7.5,7146.918,2841.292,6.932,7148.675,2838.169,8.183,7148.83,,,,2839.337,7.051,7151.176,2835.399,9.406,7151.689,2843.068,5.717,7151.973,,,,2836.404,6.052,7152.967,,,,2843.455,6.515,7153.675,2831.46,6.381,7153.497,2840.782,7.554,7155.116,2831.427,6.474,7155.056,2834.575,9.44,7155.083,2833.171,8.038,7156.126,2839.226,6.316,7156.489,2837.488,8.379,7156.913,2834.667,8.005,7156.981,2836.65,9.719,7157.445,2839.482,6.341,7157.882,2837.339,7.614,7158.091,2839.264,8.522,7158.317,2843.392,6.712,7158.77,2831.341,5.861,7160.24,2841.133,7.983,7161.957,2837.705,5.644,7163.1,2836.285,7.345,7163.761,2839.435,8.879,7163.529,2841.352,6.474,7164.378,2834.417,6.256,7156.935,2838.104,7.871,7162.884
2430,2834.698,7.484,7146.875,2841.33,6.914,7148.686,2838.21,8.206,7148.86,,,,2839.303,7.131,7151.166,2835.393,9.487,7151.701,2843.076,5.572,7152.012,,,,2836.365,6.004,7152.979,,,,2843.432,6.514,7153.693,2831.456,6.114,7153.5,2840.712,7.552,7155.161,2831.475,6.423,7155.116,2834.566,9.495,7155.097,2833.18,8.031,7156.086,2839.258,6.174,7156.452,2837.477,8.458,7156.888,2834.704,8.086,7157.019,2836.614,9.905,7157.533,2839.537,6.218,7157.835,2837.341,7.701,7158.066,2839.236,8.589,7158.326,2843.451,6.656,7158.826,2831.331,5.679,7160.139,2841.038,7.998,7161.986,2837.633,5.544,7163.159,2836.267,7.281,7163.769,2839.444,8.937,7163.589,2841.261,6.324,7164.427,2834.439,6.037,7156.886,2838.078,7.617,7162.732
2460,2834.682,7.427,7146.891,2841.31,6.833,7148.695,2838.218,8.122,7148.846,,,,2839.304,7.041,7151.176,2835.412,9.431,7151.729,2843.061,5.559,7152.05,,,,2836.402,5.955,7153.021,,,,2843.38,6.485,7153.765,2831.427,6.104,7153.504,2840.663,7.47,7155.223,2831.393,6.436,7155.166,2834.563,9.418,7155.055,2833.134,7.993,7156.095,2839.219,6.138,7156.468,2837.449,8.209,7156.851,2834.68,7.99,7157.018,2836.656,9.669,7157.472,2839.528,6.239,7157.856,2837.316,7.581,7158.107,2839.188,8.479,7158.385,2843.412,6.634,7158.877,2831.346,5.615,7160.247,2841.007,7.865,7162.05,2837.606,5.534,7163.195,2836.3,7.161,7163.771,2839.27,8.601,7163.674,2841.254,6.168,7164.45,2834.4,6.04,7156.964,2838.202,7.51,7162.924
2490,2834.683,7.494,7146.916,2841.331,6.971,7148.773,2838.223,8.123,7148.845,,,,2839.29,7.057,7151.267,2835.398,9.437,7151.743,2843,5.61,7152.075,,,,2836.366,6.029,7152.993,,,,2843.37,6.484,7153.803,2831.423,6.107,7153.451,2840.651,7.501,7155.224,2831.366,6.478,7155.114,2834.547,9.431,7155.018,2833.125,8.076,7156.106,2839.185,6.123,7156.531,2837.455,8.291,7156.926,2834.625,8.018,7157.021,2836.597,9.863,7157.557,2839.497,6.341,7157.957,2837.279,7.614,7158.053,2839.156,8.515,7158.404,2843.386,6.608,7158.94,2831.275,5.856,7160.193,2840.977,7.82,7162.122,2837.558,5.591,7163.218,2836.207,7.316,7163.826,2839.272,8.6,7163.782,2841.187,6.404,7164.5,2834.432,6.059,7156.834,2838.178,8.351,7162.714
2520,2834.67,7.537,7146.913,2841.353,7.026,7148.742,2838.162,8.345,7148.956,,,,2839.377,7.484,7151.331,2835.353,9.44,7151.694,2842.971,5.597,7152.128,,,,2836.34,6.01,7152.981,,,,2843.34,6.526,7153.804,2831.422,6.139,7153.473,2840.628,7.539,7155.245,2831.383,6.488,7155.125,2834.535,9.468,7155.081,2833.099,8.112,7156.142,2839.172,6.148,7156.55,2837.412,8.444,7156.94,2834.663,8.055,7157.026,2836.586,9.951,7157.554,2839.477,6.403,7157.93,2837.24,7.867,7158.144,2839.142,8.545,7158.452,2843.408,6.782,7159.011,2831.28,5.661,7160.18,2841.023,7.959,7162.107,2837.533,5.551,7163.203,2836.228,7.372,7163.8,2839.324,8.808,7163.786,2841.182,6.456,7164.494,2834.346,6.232,7157.013,2838.135,7.569,7162.742
2550,2834.716,7.496,7146.9,2841.292,6.948,7148.795,2838.169,8.196,7148.902,,,,,,,2835.395,9.404,7151.771,2842.982,5.585,7152.129,,,,2836.303,5.929,7152.992,,,,2843.339,6.473,7153.823,2831.425,6.072,7153.538,2840.663,7.482,7155.238,2831.348,6.447,7155.134,2834.536,9.45,7155.1,2833.122,8.17,7156.109,2839.18,6.082,7156.525,2837.435,8.377,7156.938,2834.667,7.999,7157.03,2836.596,9.891,7157.567,2839.459,6.352,7157.962,2837.273,7.581,7158.115,2839.167,8.516,7158.421,2843.393,6.593,7158.945,2831.263,5.648,7160.199,2840.979,7.68,7162.001,2837.581,5.502,7163.225,2836.228,7.173,7163.757,2839.216,8.616,7163.755,2841.171,6.174,7164.474,2834.368,6.088,7156.951,2838.183,7.54,7162.824
2580,2834.7,7.486,7146.986,2841.372,6.867,7148.789,2838.199,8.076,7148.875,,,,,,,2835.372,9.415,7151.741,2842.964,5.514,7152.118,,,,2836.341,5.864,7152.995,,,,2843.355,6.399,7153.806,2831.449,6.039,7153.56,2840.623,7.351,7155.276,2831.396,6.333,7155.172,2834.591,9.417,7155.142,2833.128,8.044,7156.102,2839.19,6.102,7156.521,2837.459,8.319,7156.96,2834.673,7.97,7157.037,2836.603,9.923,7157.592,2839.537,6.124,7157.919,2837.319,7.574,7158.093,2839.193,8.461,7158.43,2843.429,6.566,7158.948,2831.296,5.596,7160.18,2840.987,7.6,7162.06,2837.617,5.446,7163.239,2836.271,7.057,7163.779,2839.292,8.611,7163.765,2841.242,6.176,7164.509,2834.406,5.962,7156.977,2838.299,7.546,7162.844
2610,2834.689,7.454,7147.017,2841.39,6.802,7148.823,2838.221,8.058,7148.891,,,,,,,,,,2842.995,5.51,7152.155,,,,2836.328,5.894,7153.024,,,,2843.374,6.43,7153.897,2831.534,6.004,7153.586,2840.661,7.489,7155.277,2831.369,6.305,7155.175,2834.629,9.218,7155.084,2833.164,8.028,7156.173,2839.216,6.132,7156.526,2837.509,8.181,7156.891,2834.711,7.93,7157.056,2836.635,9.876,7157.616,2839.561,6.148,7157.92,2837.322,7.594,7158.083,2839.179,8.462,7158.457,2843.466,6.595,7158.958,2831.287,5.6,7160.195,2841.042,7.839,7162.13,2837.601,5.451,7163.28,2836.325,7.038,7163.736,2839.329,8.639,7163.824,2841.243,6.172,7164.487,2834.396,6.033,7156.982,2838.383,7.986,7162.76
2640,2834.672,7.45,7146.966,2841.429,6.861,7148.771,2838.195,8.058,7148.903,,,,,,,,,,2843.044,5.501,7152.158,,,,2836.332,5.919,7153.001,,,,2843.385,6.468,7153.84,2831.575,5.993,7153.583,2840.657,7.483,7155.286,2831.362,6.401,7155.147,2834.564,9.215,7155.08,2833.15,8.02,7156.182,2839.212,6.157,7156.482,2837.493,8.226,7156.896,2834.661,7.929,7157.046,2836.568,9.808,7157.648,2839.571,6.149,7157.896,2837.283,7.616,7158.089,2839.191,8.45,7158.45,2843.445,6.59,7158.969,2831.312,5.601,7160.242,2841.049,7.842,7162.145,2837.577,5.481,7163.235,2836.273,7.057,7163.771,2839.409,8.779,7163.723,2841.229,6.293,7164.532,2834.394,6.023,7156.961,2838.27,7.977,7162.77
2670,2834.696,7.511,7146.992,2841.47,6.864,7148.817,2838.217,8.141,7148.953,,,,,,,,,,2843.05,5.589,7152.135,,,,2836.367,5.985,7153.026,,,,2843.414,6.514,7153.843,2831.525,6.082,7153.582,2840.708,7.53,7155.243,2831.367,6.482,7155.154,2834.535,9.311,7155.149,2833.131,7.954,7156.204,2839.246,6.143,7156.512,2837.483,8.32,7156.996,2834.667,7.977,7157.068,2836.542,9.885,7157.646,2839.555,6.127,7157.953,2837.302,7.614,7158.115,2839.22,8.481,7158.469,2843.475,6.657,7158.944,2831.318,5.65,7160.192,2841.023,7.958,7162.113,2837.542,5.587,7163.246,2836.245,7.102,7163.821,2839.312,8.661,7163.814,2841.26,6.489,7164.551,2834.426,6.048,7156.929,2838.239,8,7162.8
2700,2834.707,7.523,7146.953,2841.448,6.722,7148.766,2838.223,8.178,7148.902,,,,,,,,,,2843.031,5.531,7152.138,,,,2836.381,5.815,7153.013,,,,2843.412,6.421,7153.865,2831.545,5.995,7153.572,2840.735,7.48,7155.22,2831.424,6.414,7155.193,2834.529,9.282,7155.166,2833.125,8.002,7156.227,2839.287,6.083,7156.553,2837.472,8.325,7156.954,2834.645,7.951,7157.071,2836.537,9.908,7157.648,2839.546,6.132,7157.965,2837.347,7.617,7158.105,2839.21,8.492,7158.473,2843.465,6.581,7158.98,2831.327,5.581,7160.245,2841.065,7.96,7162.059,2837.502,5.476,7163.272,2836.201,7.028,7163.83,2839.374,8.841,7163.739,2841.285,6.429,7164.538,2834.408,6.014,7156.936,2838.021,7.892,7162.851
2730,2834.668,7.496,7146.91,2841.331,7.161,7148.792,2838.137,8.107,7148.885,,,,,,,,,,2843,5.479,7152.13,,,,2836.357,5.863,7152.959,,,,2843.39,6.324,7153.801,2831.523,5.956,7153.536,2840.762,7.475,7155.2,2831.371,6.421,7155.183,2834.537,9.211,7155.056,2833.128,7.93,7156.234,2839.217,6.077,7156.464,2837.421,8.332,7156.955,2834.639,7.965,7157.045,2836.515,9.895,7157.6,2839.552,6.15,7157.888,2837.322,7.58,7158.05,2839.236,8.497,7158.43,2843.465,6.561,7158.944,2831.33,5.583,7160.189,2841.004,7.946,7162.028,2837.482,5.461,7163.176,2836.218,7.058,7163.745,2839.305,8.662,7163.697,2841.292,6.497,7164.436,2834.39,6.003,7156.939,2838.151,7.533,7162.964
2760,2834.678,7.552,7146.946,2841.333,7.131,7148.772,2838.161,8.116,7148.883,,,,,,,,,,2843.001,5.512,7152.105,,,,2836.324,5.968,7152.962,,,,2843.419,6.393,7153.805,2831.518,5.985,7153.517,2840.745,7.492,7155.21,2831.352,6.442,7155.18,2834.533,9.263,7155.128,2833.111,8.001,7156.204,2839.184,6.135,7156.4,2837.381,8.383,7156.959,2834.595,7.998,7157.05,2836.494,9.918,7157.622,2839.521,6.231,7157.853,2837.24,7.579,7158.055,2839.122,8.539,7158.48,2843.469,6.612,7158.95,2831.328,5.675,7160.193,2841.016,7.982,7162.02,2837.525,5.535,7163.197,2836.236,7.067,7163.775,2839.324,8.632,7163.792,2841.23,6.514,7164.486,2834.407,6.04,7156.892,2838.341,7.931,7162.925
2790,2834.648,7.625,7146.92,2841.255,7.355,7148.873,2838.188,8.205,7148.919,,,,,,,,,,2843.028,5.462,7152.126,,,,2836.301,5.919,7152.965,,,,2843.396,6.402,7153.853,2831.501,6.047,7153.585,2840.709,7.508,7155.239,2831.352,6.453,7155.188,2834.565,9.406,7155.209,2833.103,8.079,7156.225,2839.205,6.152,7156.481,2837.401,8.434,7156.985,2834.59,8.016,7157.106,2836.483,9.924,7157.73,2839.508,6.386,7157.928,2837.26,7.814,7158.163,2839.152,8.53,7158.475,2843.423,6.653,7159.003,2831.299,5.62,7160.227,2841.041,8.019,7162.062,2837.484,5.428,7163.124,2836.231,7.204,7163.75,2839.384,8.677,7163.849,2841.218,6.534,7164.54,2834.403,6.026,7156.936,2838.497,8.058,7162.778
2820,2834.738,7.615,7146.972,2841.493,7.084,7148.851,2838.241,8.202,7148.981,,,,,,,,,,2843.132,5.459,7152.172,,,,2836.415,5.703,7152.911,,,,2843.507,6.429,7153.896,2831.584,6.018,7153.579,2840.815,7.502,7155.3,2831.527,6.438,7155.214,2834.627,9.428,7155.254,2833.212,8.129,7156.253,2839.375,6.125,7156.501,2837.501,8.419,7157.061,2834.728,8.026,7157.14,2836.624,9.881,7157.766,2839.63,6.303,7157.992,2837.403,7.621,7158.153,2839.26,8.511,7158.515,2843.528,6.602,7159.021,2831.386,5.582,7160.193,2841.065,7.953,7162.127,2837.557,5.384,7163.193,2836.326,7.158,7163.754,2839.539,8.851,7163.838,2841.3,6.466,7164.544,2834.472,6.054,7156.991,2838.189,8.088,7162.697
2850,2834.605,7.569,7147.044,2841.484,6.992,7148.933,2838.168,8.068,7149.032,,,,,,,,,,2843.028,5.426,7152.179,,,,2836.339,5.822,7153.063,,,,2843.426,6.167,7153.89,2831.539,5.99,7153.663,2840.658,7.379,7155.35,2831.381,6.365,7155.252,2834.488,9.33,7155.273,2833.092,8.035,7156.304,2839.22,6.061,7156.604,2837.373,8.269,7157.096,2834.618,7.95,7157.181,2836.509,9.861,7157.8,2839.529,6.121,7157.972,2837.276,7.535,7158.194,2839.12,8.517,7158.605,2843.428,6.502,7159.085,2831.278,5.571,7160.253,2840.92,7.688,7162.121,2837.443,5.456,7163.213,2836.199,7.031,7163.784,2839.324,8.659,7163.897,2841.162,6.398,7164.625,2834.371,6.005,7157.054,2838.282,8.023,7162.783
2880,2834.623,7.774,7146.968,2841.446,7,7148.744,2838.158,8.094,7148.891,,,,,,,,,,2843.019,5.477,7152.076,,,,2836.309,5.905,7152.94,,,,2843.381,6.352,7153.822,2831.492,6.059,7153.575,2840.684,7.367,7155.204,2831.368,6.385,7155.178,2834.52,9.363,7155.214,2833.103,8.02,7156.232,2839.191,6.092,7156.449,2837.424,8.281,7157.012,2834.599,7.955,7157.109,2836.527,9.922,7157.697,2839.521,6.188,7157.838,2837.291,7.546,7158.145,2839.146,8.552,7158.47,2843.44,6.505,7158.937,2831.316,5.556,7160.179,2841.002,7.861,7162.085,2837.512,5.466,7163.12,2836.248,7.037,7163.712,2839.351,8.625,7163.767,2841.147,6.312,7164.468,2834.398,6.023,7156.92,2837.998,7.926,7162.816
2910,2834.585,7.946,7147.111,2841.398,7.105,7148.841,2838.151,8.34,7149.065,,,,,,,,,,2843.049,5.429,7152.221,,,,2836.308,5.788,7153.091,,,,2843.417,6.362,7153.916,2831.507,6.043,7153.74,2840.667,7.473,7155.314,2831.301,6.341,7155.307,2834.502,9.379,7155.275,2833.04,8.024,7156.266,2839.219,6.097,7156.569,2837.407,8.475,7157.125,2834.616,8.011,7157.2,2836.529,9.924,7157.797,2839.517,6.209,7157.967,2837.275,7.734,7158.237,2839.121,8.615,7158.608,2843.437,6.57,7159.044,2831.333,5.512,7160.34,2841.013,7.969,7162.088,2837.542,5.319,7163.288,2836.246,7.152,7163.835,2839.449,8.883,7163.854,2841.179,6.272,7164.605,2834.36,5.964,7157.084,2838.058,7.835,7163.103
2940,2834.592,7.622,7146.952,2841.42,7.02,7148.856,2838.132,8.082,7148.974,,,,,,,,,,2843.013,5.425,7152.164,,,,2836.299,5.864,7153.057,,,,2843.428,6.19,7153.798,2831.442,6.011,7153.673,2840.674,7.341,7155.289,2831.336,6.119,7155.234,2834.486,9.311,7155.285,2833.067,7.981,7156.258,2839.23,6.079,7156.577,2837.397,8.198,7157.012,2834.581,7.92,7157.151,2836.495,9.858,7157.738,2839.528,6.165,7157.923,2837.233,7.552,7158.182,2839.157,8.48,7158.616,2843.407,6.502,7158.979,2831.344,5.469,7160.344,2840.964,7.846,7162.096,2837.55,5.343,7163.271,2836.235,7.034,7163.781,2839.292,8.701,7163.826,2841.185,6.175,7164.528,2834.309,5.989,7157.106,2838.13,8.015,7162.903
2970,2834.605,7.638,7147.019,2841.385,6.992,7148.844,2838.187,8.073,7149.004,,,,,,,,,,2842.99,5.42,7152.17,,,,2836.331,5.731,7152.973,,,,2843.307,6.045,7153.831,2831.458,6.084,7153.63,2840.674,7.231,7155.262,2831.322,6.325,7155.254,2834.517,9.319,7155.243,2832.987,8.026,7156.245,2839.201,6.058,7156.538,2837.412,8.172,7157.039,2834.566,7.957,7157.159,2836.487,9.873,7157.732,2839.53,6.142,7157.983,2837.262,7.575,7158.191,2839.115,8.503,7158.547,2843.364,6.493,7159.028,2831.316,5.473,7160.321,2840.933,7.866,7162.115,2837.482,5.41,7163.246,2836.215,7.047,7163.763,2839.246,8.615,7163.847,2841.176,6.176,7164.524,2834.335,5.996,7157.068,2838.184,7.928,7163.156
3000,2834.677,7.564,7147.084,2841.448,6.913,7148.989,2838.228,8.122,7149.127,,,,,,,,,,2843.061,5.286,7152.299,,,,2836.378,5.662,7153.12,,,,2843.43,6.209,7153.966,2831.504,6.025,7153.761,2840.727,7.191,7155.384,2831.363,6.312,7155.348,2834.492,9.415,7155.337,2832.997,8.05,7156.353,2839.208,6.049,7156.642,2837.444,8.285,7157.218,2834.601,7.995,7157.267,2836.494,9.927,7157.839,2839.533,6.105,7158.106,2837.316,7.675,7158.373,2839.127,8.531,7158.639,2843.446,6.505,7159.138,2831.283,5.424,7160.405,2841.028,7.888,7162.246,2837.449,5.259,7163.339,2836.168,7.027,7163.835,2839.253,8.703,7163.985,2841.151,6.175,7164.609,2834.36,5.98,7157.197,2838.068,7.485,7162.97
3030,2834.653,7.514,7146.959,2841.405,7,7148.851,2838.237,8.049,7149.019,,,,,,,,,,2842.949,5.456,7152.195,,,,2836.332,5.754,7153.026,,,,2843.372,6.335,7153.902,2831.461,6.094,7153.617,2840.703,7.359,7155.34,2831.322,6.216,7155.147,2834.428,9.332,7155.234,2833.029,7.946,7156.225,2839.223,6.034,7156.603,2837.418,8.135,7157.036,2834.582,7.896,7157.15,2836.484,9.835,7157.75,2839.537,6.133,7157.957,2837.309,7.615,7158.275,2839.12,8.493,7158.551,2843.411,6.553,7159.059,2831.295,5.48,7160.307,2841.001,7.936,7162.153,2837.507,5.348,7163.269,2836.199,7.033,7163.765,2839.255,8.715,7163.891,2841.126,6.337,7164.586,2834.329,5.943,7157.041,2838.021,8,7162.894
3060,2834.649,7.495,7146.989,2841.411,6.994,7148.917,2838.231,8.053,7149.064,,,,,,,,,,2842.854,5.463,7152.264,,,,2836.333,5.786,7153.094,,,,2843.342,6.335,7153.939,2831.484,6.115,7153.637,2840.733,7.401,7155.393,2831.374,6.374,7155.217,2834.443,9.289,7155.288,2832.998,7.953,7156.275,2839.211,6.073,7156.607,2837.418,8.157,7157.092,2834.587,7.894,7157.18,2836.481,9.826,7157.774,2839.505,6.134,7157.998,2837.311,7.572,7158.25,2839.135,8.46,7158.602,2843.374,6.544,7159.091,2831.283,5.494,7160.311,2840.958,7.955,7162.205,2837.434,5.462,7163.306,2836.187,7.05,7163.758,2839.296,8.737,7163.915,2841.121,6.406,7164.566,2834.335,5.987,7157.081,2838.046,7.595,7162.727
3090,2834.707,7.455,7147.02,2841.308,6.929,7148.981,2838.239,8.045,7149.078,,,,,,,,,,2842.772,5.371,7152.394,,,,2836.303,5.763,7153.088,,,,2843.32,6.202,7153.913,2831.449,6.066,7153.647,2840.695,7.2,7155.382,2831.31,6.075,7155.192,2834.452,9.277,7155.316,2833.032,7.858,7156.337,2839.211,5.972,7156.64,2837.392,8.074,7157.098,2834.582,7.843,7157.166,2836.518,9.68,7157.71,2839.484,6.058,7158.056,2837.283,7.489,7158.288,2839.119,8.34,7158.594,2843.424,6.487,7159.148,2831.311,5.293,7160.365,2840.972,7.918,7162.216,2837.438,5.354,7163.309,2836.23,7.019,7163.823,2839.338,8.598,7163.959,2841.104,6.278,7164.636,2834.322,5.988,7157.169,2838.158,8.069,7162.928
3120,2834.709,7.507,7147.036,2841.403,6.965,7148.961,2838.23,8.089,7149.098,,,,,,,,,,2842.838,5.45,7152.345,,,,2836.336,5.919,7153.148,,,,2843.31,6.295,7153.963,2831.466,6.094,7153.685,2840.713,7.288,7155.453,2831.314,6.179,7155.203,2834.475,9.276,7155.284,2833.104,7.877,7156.373,2839.231,6.039,7156.654,2837.369,8.17,7157.094,2834.548,7.895,7157.177,2836.473,9.779,7157.771,2839.51,6.135,7158.063,2837.26,7.507,7158.278,2839.067,8.446,7158.633,2843.413,6.522,7159.153,2831.337,5.444,7160.356,2841.02,7.986,7162.237,2837.479,5.401,7163.328,2836.204,6.984,7163.801,2839.301,8.629,7163.951,2841.105,6.314,7164.686,2834.394,5.825,7157.03,2837.964,7.935,7162.967
3150,2834.649,7.503,7147.021,2841.357,7.054,7148.981,2838.233,8.065,7149.101,,,,,,,,,,2842.854,5.488,7152.301,,,,2836.386,5.809,7153.144,,,,2843.351,6.375,7153.987,2831.516,6.143,7153.664,2840.719,7.365,7155.384,2831.333,6.186,7155.21,2834.482,9.21,7155.196,2833.01,7.916,7156.314,2839.185,6.086,7156.653,2837.418,8.169,7157.082,2834.567,7.87,7157.189,2836.496,9.784,7157.77,2839.532,6.201,7158.042,2837.279,7.542,7158.254,2839.084,8.446,7158.668,2843.427,6.502,7159.156,2831.28,5.513,7160.36,2841,8.024,7162.207,2837.42,5.441,7163.275,2836.195,7.05,7163.824,2839.281,8.68,7164.018,2841.067,6.349,7164.665,2834.311,5.983,7157.146,2837.958,8.361,7162.852
3180,2834.686,7.397,7147.073,2841.443,6.947,7148.995,2838.249,8.151,7149.104,,,,,,,,,,2842.942,5.435,7152.358,,,,2836.442,5.615,7153.158,,,,2843.399,6.199,7154.028,2831.558,6.072,7153.7,2840.802,7.455,7155.445,2831.32,6.132,7155.246,2834.466,9.206,7155.239,2833.025,7.792,7156.385,2839.266,6.053,7156.729,2837.458,8.161,7157.17,2834.62,7.895,7157.235,2836.489,9.858,7157.785,2839.551,6.067,7158.076,2837.311,7.555,7158.296,2839.251,8.539,7158.599,2843.355,6.46,7159.191,2831.361,5.43,7160.394,2841.027,8.141,7162.246,2837.513,5.234,7163.274,2836.258,6.974,7163.849,2839.399,8.893,7163.999,2841.127,6.431,7164.722,2834.335,5.945,7157.237,2838.207,8.385,7163.061
3210,2834.647,7.303,7147.13,2841.445,7.027,7149.039,2838.22,8.031,7149.141,,,,,,,,,,2842.979,5.439,7152.333,,,,2836.434,5.651,7153.167,,,,2843.42,6.162,7153.99,2831.609,6.063,7153.771,2840.789,7.351,7155.483,2831.335,6.128,7155.283,2834.469,9.068,7155.235,2833.029,7.636,7156.351,2839.307,6.035,7156.738,2837.479,8.082,7157.175,2834.638,7.697,7157.263,2836.521,9.701,7157.751,2839.59,6.07,7158.094,2837.343,7.511,7158.295,2839.198,8.427,7158.69,2843.437,6.484,7159.214,2831.315,5.387,7160.429,2841.028,8.033,7162.256,2837.548,5.206,7163.308,2836.247,6.978,7163.828,2839.383,8.649,7164.015,2841.155,6.423,7164.699,2834.417,5.789,7157.125,2838.136,8.002,7163.008
3240,2834.646,7.396,7147.184,2841.424,7.013,7149.027,2838.222,8.064,7149.206,,,,,,,,,,2842.983,5.457,7152.377,,,,2836.404,5.683,7153.159,,,,2843.369,6.33,7154.072,2831.587,6.044,7153.789,2840.788,7.429,7155.467,2831.339,6.159,7155.291,2834.467,9.098,7155.303,2833.033,7.609,7156.466,2839.296,6.047,7156.81,2837.478,8.122,7157.2,2834.6,7.76,7157.318,2836.501,9.804,7157.843,2839.582,6.068,7158.155,2837.288,7.525,7158.333,2839.169,8.444,7158.734,2843.444,6.516,7159.214,2831.327,5.361,7160.425,2841.056,8.029,7162.272,2837.512,5.32,7163.4,2836.181,6.955,7163.902,2839.332,8.698,7164.023,2841.13,6.381,7164.713,2834.4,5.788,7157.119,2838.093,8.208,7162.887
3270,2834.74,7.479,7147.189,2841.467,7.125,7149.015,2838.309,8.079,7149.218,,,,,,,,,,2842.977,5.487,7152.416,,,,2836.374,5.82,7153.273,,,,2843.385,6.386,7154.126,2831.573,6.059,7153.764,2840.787,7.455,7155.53,2831.352,6.233,7155.302,2834.491,9.096,7155.321,2833.117,7.913,7156.504,2839.327,6.077,7156.799,2837.506,8.326,7157.283,2834.615,7.853,7157.329,2836.493,9.798,7157.887,2839.566,6.085,7158.173,2837.335,7.673,7158.377,2839.23,8.527,7158.707,2843.428,6.588,7159.251,2831.31,5.356,7160.469,2840.981,8.112,7162.292,2837.525,5.336,7163.439,2836.196,7.042,7163.949,2839.36,8.948,7164.073,2841.102,6.502,7164.754,2834.42,5.83,7157.147,2838.073,8.03,7162.718
3300,2834.749,7.424,7147.082,2841.484,6.943,7148.98,2838.271,8.047,7149.128,,,,,,,,,,2843.015,5.49,7152.338,,,,2836.402,5.823,7153.148,,,,2843.392,6.148,7153.98,2831.504,6.038,7153.577,2840.841,7.432,7155.437,2831.352,6.091,7155.196,2834.482,9.063,7155.25,2833.092,7.82,7156.348,2839.328,6.028,7156.671,2837.493,8.202,7157.086,2834.625,7.814,7157.242,2836.468,9.833,7157.78,2839.603,6.084,7158.045,2837.359,7.57,7158.24,2839.191,8.529,7158.648,2843.467,6.498,7159.151,2831.331,5.385,7160.313,2841.031,8.024,7162.172,2837.552,5.264,7163.271,2836.243,6.98,7163.781,2839.417,8.839,7163.905,2841.143,6.464,7164.606,2834.412,5.904,7157.096,,,
